,rank1,rank2,rank3,rank4,rank5,rank6,rank7,rank8,rank9,rank10,rank11,rank12,rank13,rank14,rank15,rank16,rank17,rank18,rank19,rank20
2020-07-09 05:00:00,진워렌버핏,우리 사랑했을까,지나,고은아,박지현,이가흔,미쓰리는 알고있다,하트시그널3,하트시그널 시즌3 갤러리,셀트리온,간 떨어지는 동거 드라마,서민재,수목드라마,리버풀,길티 플레저,양준일,디지털교도소,신박한 정리,천안나,라디오스타
2020-07-09 05:01:00,진워렌버핏,우리 사랑했을까,지나,고은아,박지현,천인우 이가흔,미쓰리는 알고있다,하트시그널 시즌3 갤러리,셀트리온,간 떨어지는 동거 드라마,서민재,리버풀,수목드라마,길티 플레저,양준일,신박한 정리,디지털교도소,라디오스타,라이프치히,FC 바르셀로나
2020-07-09 05:02:00,진워렌버핏,우리 사랑했을까,지나,고은아,이가흔,박지현,미쓰리는 알고있다,김강열,임한결,하트시그널 시즌3 갤러리,셀트리온,간 떨어지는 동거 드라마,서민재,리버풀,수목드라마,길티 플레저,양준일,신박한 정리,천안나,라디오스타
2020-07-09 05:03:00,진워렌버핏,우리 사랑했을까,지나,고은아,천인우 이가흔,박지현,미쓰리는 알고있다,임한결,하트시그널 시즌3 갤러리,셀트리온,간 떨어지는 동거 드라마,서민재,리버풀,수목드라마,길티 플레저,양준일,신박한 정리,천안나,라디오스타,디지털교도소
2020-07-09 05:04:00,진워렌버핏,우리 사랑했을까,지나,고은아,천인우 이가흔,박지현,미쓰리는 알고있다,하트시그널 시즌3 갤러리,셀트리온,간 떨어지는 동거 드라마,리버풀,서민재,수목드라마,길티 플레저,양준일,신박한 정리,천안나,라디오스타,FC 바르셀로나,디지털교도소
2020-07-09 05:05:00,진워렌버핏,우리 사랑했을까,고은아,지나,박지현,천인우 이가흔,이가흔,미쓰리는 알고있다,김강열,임한결,하트시그널 시즌3 갤러리,셀트리온,리버풀,간 떨어지는 동거 드라마,서민재,수목드라마,길티 플레저,양준일,신박한 정리,천안나
2020-07-09 05:06:00,진워렌버핏,우리 사랑했을까,지나,고은아,박지현,이가흔,미쓰리는 알고있다,김강열,천인우 이가흔,임한결,셀트리온,하트시그널 시즌3 갤러리,리버풀,간 떨어지는 동거 드라마,서민재,수목드라마,길티 플레저,양준일,신박한 정리,디지털교도소
2020-07-09 05:07:00,진워렌버핏,우리 사랑했을까,지나,고은아,박지현,미쓰리는 알고있다,이가흔,김강열,임한결,셀트리온,하트시그널 시즌3 갤러리,리버풀,간 떨어지는 동거 드라마,서민재,수목드라마,길티 플레저,양준일,신박한 정리,디지털교도소,라디오스타
2020-07-09 05:08:00,진워렌버핏,우리 사랑했을까,지나,고은아,박지현,미쓰리는 알고있다,김강열,이가흔,임한결,셀트리온,하트시그널 시즌3 갤러리,리버풀,간 떨어지는 동거 드라마,서민재,수목드라마,양준일,길티 플레저,신박한 정리,디지털교도소,라디오스타
2020-07-09 05:09:00,진워렌버핏,우리 사랑했을까,지나,고은아,미쓰리는 알고있다,박지현,임한결,이가흔,셀트리온,리버풀,하트시그널 시즌3 갤러리,간 떨어지는 동거 드라마,수목드라마,서민재,길티 플레저,양준일,신박한 정리,라디오스타,보코하람,디지털교도소
2020-07-09 05:10:00,진워렌버핏,우리 사랑했을까,지나,고은아,미쓰리는 알고있다,박지현,김강열,이가흔,임한결,천인우 이가흔,셀트리온,리버풀,하트시그널 시즌3 갤러리,간 떨어지는 동거 드라마,수목드라마,서민재,길티 플레저,양준일,신박한 정리,보코하람
2020-07-09 05:11:00,진워렌버핏,우리 사랑했을까,지나,고은아,미쓰리는 알고있다,박지현,김강열,천인우 이가흔,임한결,셀트리온,리버풀,간 떨어지는 동거 드라마,하트시그널 시즌3 갤러리,수목드라마,서민재,양준일,길티 플레저,신박한 정리,보코하람,라디오스타
2020-07-09 05:12:00,진워렌버핏,우리 사랑했을까,지나,고은아,박지현,미쓰리는 알고있다,천인우 이가흔,임한결,셀트리온,리버풀,간 떨어지는 동거 드라마,하트시그널 시즌3 갤러리,수목드라마,서민재,양준일,길티 플레저,신박한 정리,보코하람,라디오스타,FC 바르셀로나
2020-07-09 05:13:00,진워렌버핏,우리 사랑했을까,지나,고은아,미쓰리는 알고있다,박지현,천인우 이가흔,임한결,셀트리온,리버풀,하트시그널 시즌3 갤러리,간 떨어지는 동거 드라마,수목드라마,서민재,길티 플레저,양준일,신박한 정리,FC 바르셀로나,보코하람,라디오스타
2020-07-09 05:14:00,진워렌버핏,우리 사랑했을까,지나,고은아,미쓰리는 알고있다,박지현,김강열,천인우 이가흔,이가흔,셀트리온,리버풀,하트시그널 시즌3 갤러리,간 떨어지는 동거 드라마,수목드라마,서민재,신박한 정리,양준일,길티 플레저,FC 바르셀로나,보코하람
2020-07-09 05:15:00,진워렌버핏,우리 사랑했을까,지나,고은아,미쓰리는 알고있다,박지현,이가흔,천인우 이가흔,셀트리온,리버풀,간 떨어지는 동거 드라마,수목드라마,하트시그널 시즌3 갤러리,FC 바르셀로나,서민재,양준일,길티 플레저,신박한 정리,보코하람,라디오스타
2020-07-09 05:16:00,진워렌버핏,우리 사랑했을까,지나,고은아,박지현,미쓰리는 알고있다,이가흔,천인우 이가흔,셀트리온,리버풀,FC 바르셀로나,간 떨어지는 동거 드라마,수목드라마,양준일,길티 플레저,서민재,신박한 정리,라디오스타,보코하람,디지털교도소
2020-07-09 05:17:00,진워렌버핏,우리 사랑했을까,지나,고은아,박지현,미쓰리는 알고있다,천인우 이가흔,이가흔,셀트리온,리버풀,FC 바르셀로나,간 떨어지는 동거 드라마,수목드라마,양준일,하트시그널 시즌3 갤러리,길티 플레저,서민재,신박한 정리,보코하람,디지털교도소
2020-07-09 05:18:00,진워렌버핏,우리 사랑했을까,지나,고은아,박지현,미쓰리는 알고있다,천인우 이가흔,이가흔,셀트리온,임한결,리버풀,FC 바르셀로나,수목드라마,간 떨어지는 동거 드라마,하트시그널 시즌3 갤러리,양준일,길티 플레저,서민재,신박한 정리,라디오스타
2020-07-09 05:19:00,진워렌버핏,우리 사랑했을까,지나,고은아,미쓰리는 알고있다,박지현,김강열,천인우 이가흔,이가흔,셀트리온,임한결,FC 바르셀로나,리버풀,수목드라마,서민재,신박한 정리,양준일,간 떨어지는 동거 드라마,길티 플레저,하트시그널 시즌3 갤러리
2020-07-09 05:20:00,진워렌버핏,우리 사랑했을까,지나,고은아,미쓰리는 알고있다,박지현,김강열,천인우 이가흔,이가흔,셀트리온,FC 바르셀로나,임한결,리버풀,수목드라마,신박한 정리,양준일,하트시그널 시즌3 갤러리,간 떨어지는 동거 드라마,길티 플레저,서민재
2020-07-09 05:21:00,진워렌버핏,우리 사랑했을까,지나,고은아,미쓰리는 알고있다,박지현,셀트리온,천인우 이가흔,이가흔,FC 바르셀로나,임한결,리버풀,수목드라마,신박한 정리,양준일,하트시그널 시즌3 갤러리,길티 플레저,서민재,간 떨어지는 동거 드라마,보코하람
2020-07-09 05:22:00,진워렌버핏,우리 사랑했을까,지나,고은아,미쓰리는 알고있다,박지현,하트시그널3,천인우 이가흔,셀트리온,이가흔,FC 바르셀로나,임한결,리버풀,수목드라마,신박한 정리,양준일,하트시그널 시즌3 갤러리,길티 플레저,간 떨어지는 동거 드라마,서민재
2020-07-09 05:23:00,진워렌버핏,우리 사랑했을까,지나,고은아,미쓰리는 알고있다,박지현,하트시그널3,천인우 이가흔,FC 바르셀로나,임한결,리버풀,수목드라마,신박한 정리,양준일,하트시그널 시즌3 갤러리,길티 플레저,서민재,간 떨어지는 동거 드라마,보코하람,라디오스타
2020-07-09 05:24:00,진워렌버핏,우리 사랑했을까,지나,고은아,미쓰리는 알고있다,박지현,셀트리온,천인우 이가흔,FC 바르셀로나,이가흔,리버풀,임한결,신박한 정리,수목드라마,양준일,하트시그널 시즌3 갤러리,길티 플레저,서민재,간 떨어지는 동거 드라마,보코하람
2020-07-09 05:25:00,진워렌버핏,우리 사랑했을까,지나,고은아,미쓰리는 알고있다,박지현,셀트리온,천인우 이가흔,FC 바르셀로나,이가흔,신박한 정리,리버풀,수목드라마,양준일,임한결,하트시그널 시즌3 갤러리,길티 플레저,서민재,간 떨어지는 동거 드라마,보코하람
2020-07-09 05:26:00,진워렌버핏,우리 사랑했을까,지나,고은아,미쓰리는 알고있다,박지현,천인우 이가흔,FC 바르셀로나,셀트리온,이가흔,신박한 정리,임한결,리버풀,양준일,수목드라마,하트시그널 시즌3 갤러리,서민재,길티 플레저,보코하람,간 떨어지는 동거 드라마
2020-07-09 05:27:00,진워렌버핏,우리 사랑했을까,지나,고은아,미쓰리는 알고있다,박지현,하트시그널 시즌3,FC 바르셀로나,천인우 이가흔,셀트리온,신박한 정리,임한결,리버풀,양준일,수목드라마,서민재,길티 플레저,하트시그널 시즌3 갤러리,보코하람,라디오스타
2020-07-09 05:28:00,진워렌버핏,우리 사랑했을까,고은아,지나,미쓰리는 알고있다,박지현,하트시그널 시즌3,천인우 이가흔,FC 바르셀로나,신박한 정리,임한결,양준일,리버풀,수목드라마,하트시그널 시즌3 갤러리,서민재,보코하람,길티 플레저,간 떨어지는 동거 드라마,라디오스타
2020-07-09 05:29:00,진워렌버핏,우리 사랑했을까,고은아,지나,미쓰리는 알고있다,박지현,하트시그널 시즌3,천인우 이가흔,셀트리온,FC 바르셀로나,신박한 정리,임한결,양준일,리버풀,수목드라마,서민재,하트시그널 시즌3 갤러리,보코하람,길티 플레저,라디오스타
2020-07-09 05:30:00,진워렌버핏,우리 사랑했을까,고은아,지나,미쓰리는 알고있다,박지현,하트시그널 시즌3,셀트리온,천인우 이가흔,FC 바르셀로나,김강열,신박한 정리,임한결,양준일,리버풀,서민재,수목드라마,보코하람,하트시그널 시즌3 갤러리,길티 플레저
2020-07-09 05:31:00,진워렌버핏,우리 사랑했을까,고은아,지나,미쓰리는 알고있다,박지현,셀트리온,천인우 이가흔,FC 바르셀로나,신박한 정리,임한결,양준일,리버풀,수목드라마,하트시그널 시즌3 갤러리,보코하람,서민재,길티 플레저,라디오스타,간 떨어지는 동거 드라마
2020-07-09 05:32:00,진워렌버핏,우리 사랑했을까,고은아,지나,미쓰리는 알고있다,박지현,하트시그널 시즌3,셀트리온,FC 바르셀로나,천인우 이가흔,신박한 정리,임한결,양준일,리버풀,수목드라마,보코하람,하트시그널 시즌3 갤러리,서민재,길티 플레저,라디오스타
2020-07-09 05:33:00,진워렌버핏,우리 사랑했을까,고은아,지나,미쓰리는 알고있다,박지현,하트시그널 시즌3,셀트리온,FC 바르셀로나,신박한 정리,천인우 이가흔,이가흔,임한결,양준일,리버풀,보코하람,하트시그널 시즌3 갤러리,수목드라마,길티 플레저,서민재
2020-07-09 05:34:00,진워렌버핏,우리 사랑했을까,고은아,지나,미쓰리는 알고있다,박지현,하트시그널 시즌3,셀트리온,FC 바르셀로나,신박한 정리,천인우 이가흔,김강열,이가흔,임한결,양준일,리버풀,보코하람,하트시그널 시즌3 갤러리,수목드라마,길티 플레저
2020-07-09 05:35:00,진워렌버핏,우리 사랑했을까,고은아,지나,미쓰리는 알고있다,박지현,하트시그널 시즌3,셀트리온,FC 바르셀로나,신박한 정리,천인우 이가흔,양준일,임한결,리버풀,보코하람,수목드라마,하트시그널 시즌3 갤러리,길티 플레저,서민재,오늘 일출시간
2020-07-09 05:36:00,진워렌버핏,우리 사랑했을까,고은아,지나,미쓰리는 알고있다,하트시그널 시즌3,박지현,셀트리온,신박한 정리,FC 바르셀로나,김강열,천인우,양준일,임한결,리버풀,보코하람,수목드라마,하트시그널 시즌3 갤러리,길티 플레저,서민재
2020-07-09 05:37:00,진워렌버핏,우리 사랑했을까,고은아,지나,미쓰리는 알고있다,하트시그널 시즌3,셀트리온,신박한 정리,FC 바르셀로나,천인우 이가흔,양준일,임한결,리버풀,보코하람,수목드라마,하트시그널 시즌3 갤러리,서민재,길티 플레저,뽕숭아학당,오늘 일출시간
2020-07-09 05:38:00,진워렌버핏,우리 사랑했을까,고은아,지나,미쓰리는 알고있다,하트시그널 시즌3,셀트리온,신박한 정리,FC 바르셀로나,천인우 이가흔,양준일,임한결,보코하람,리버풀,수목드라마,하트시그널 시즌3 갤러리,간 떨어지는 동거 드라마,뽕숭아학당,서민재,오늘 일출시간
2020-07-09 05:39:00,진워렌버핏,우리 사랑했을까,지나,고은아,미쓰리는 알고있다,하트시그널 시즌3,박지현,셀트리온,신박한 정리,FC 바르셀로나,천인우 이가흔,양준일,천인우,임한결,보코하람,수목드라마,리버풀,하트시그널 시즌3 갤러리,뽕숭아학당,간 떨어지는 동거 드라마
2020-07-09 05:40:00,진워렌버핏,우리 사랑했을까,고은아,지나,미쓰리는 알고있다,하트시그널 시즌3,신박한 정리,FC 바르셀로나,천인우 이가흔,양준일,천인우,임한결,수목드라마,보코하람,하트시그널 시즌3 갤러리,리버풀,뽕숭아학당,오늘 일출시간,서민재,길티 플레저
2020-07-09 05:41:00,진워렌버핏,우리 사랑했을까,고은아,지나,미쓰리는 알고있다,하트시그널 시즌3,셀트리온,신박한 정리,FC 바르셀로나,양준일,천인우 이가흔,이가흔,임한결,수목드라마,보코하람,리버풀,하트시그널 시즌3 갤러리,뽕숭아학당,서민재,오늘 일출시간
2020-07-09 05:42:00,진워렌버핏,우리 사랑했을까,고은아,지나,미쓰리는 알고있다,하트시그널 시즌3,셀트리온,신박한 정리,FC 바르셀로나,천인우 이가흔,양준일,임한결,수목드라마,보코하람,리버풀,뽕숭아학당,하트시그널 시즌3 갤러리,오늘 일출시간,라디오스타,서민재
2020-07-09 05:43:00,진워렌버핏,우리 사랑했을까,고은아,지나,미쓰리는 알고있다,하트시그널 시즌3,셀트리온,신박한 정리,FC 바르셀로나,양준일,천인우 이가흔,이가흔,임한결,수목드라마,보코하람,뽕숭아학당,리버풀,하트시그널 시즌3 갤러리,오늘 일출시간,라디오스타
2020-07-09 05:44:00,진워렌버핏,우리 사랑했을까,고은아,지나,미쓰리는 알고있다,하트시그널 시즌3,셀트리온,신박한 정리,FC 바르셀로나,양준일,천인우 이가흔,이가흔,임한결,수목드라마,보코하람,뽕숭아학당,리버풀,하트시그널 시즌3 갤러리,오늘 일출시간,라디오스타
2020-07-09 05:45:00,진워렌버핏,우리 사랑했을까,고은아,지나,미쓰리는 알고있다,하트시그널 시즌3,FC 바르셀로나,신박한 정리,박지현,양준일,천인우 이가흔,임한결,수목드라마,뽕숭아학당,보코하람,하트시그널 시즌3 갤러리,리버풀,라디오스타,디지털교도소,오늘 일출시간
2020-07-09 05:46:00,진워렌버핏,우리 사랑했을까,고은아,지나,하트시그널 시즌3,미쓰리는 알고있다,FC 바르셀로나,신박한 정리,셀트리온,양준일,천인우 이가흔,임한결,수목드라마,뽕숭아학당,보코하람,디지털교도소,라디오스타,리버풀,하트시그널 시즌3 갤러리,최강욱
2020-07-09 05:47:00,진워렌버핏,우리 사랑했을까,고은아,지나,하트시그널 시즌3,미쓰리는 알고있다,FC 바르셀로나,셀트리온,신박한 정리,양준일,천인우 이가흔,임한결,수목드라마,뽕숭아학당,보코하람,라디오스타,디지털교도소,리버풀,하트시그널 시즌3 갤러리,최강욱
2020-07-09 05:48:00,진워렌버핏,우리 사랑했을까,고은아,지나,하트시그널 시즌3,미쓰리는 알고있다,셀트리온,신박한 정리,FC 바르셀로나,양준일,천인우 이가흔,수목드라마,이가흔,임한결,뽕숭아학당,보코하람,라디오스타,디지털교도소,간 떨어지는 동거 드라마,리버풀
2020-07-09 05:49:00,진워렌버핏,우리 사랑했을까,고은아,지나,하트시그널 시즌3,미쓰리는 알고있다,신박한 정리,FC 바르셀로나,양준일,천인우 이가흔,수목드라마,뽕숭아학당,임한결,보코하람,디지털교도소,라디오스타,하트시그널 시즌3 갤러리,간 떨어지는 동거 드라마,최강욱,리버풀
2020-07-09 05:50:00,진워렌버핏,우리 사랑했을까,고은아,지나,하트시그널 시즌3,미쓰리는 알고있다,신박한 정리,FC 바르셀로나,양준일,천인우,뽕숭아학당,수목드라마,임한결,이가흔,보코하람,디지털교도소,라디오스타,하트시그널 시즌3 갤러리,간 떨어지는 동거 드라마,최강욱
2020-07-09 05:51:00,진워렌버핏,우리 사랑했을까,고은아,지나,미쓰리는 알고있다,하트시그널 시즌3,셀트리온,신박한 정리,FC 바르셀로나,박지현,양준일,김강열,천인우 이가흔,천인우,뽕숭아학당,수목드라마,임한결,이가흔,보코하람,디지털교도소
2020-07-09 05:52:00,진워렌버핏,우리 사랑했을까,고은아,지나,미쓰리는 알고있다,하트시그널 시즌3,셀트리온,신박한 정리,FC 바르셀로나,박지현,양준일,김강열,뽕숭아학당,천인우,수목드라마,임한결,이가흔,보코하람,디지털교도소,간 떨어지는 동거 드라마
2020-07-09 05:53:00,진워렌버핏,우리 사랑했을까,고은아,지나,미쓰리는 알고있다,하트시그널 시즌3,셀트리온,신박한 정리,FC 바르셀로나,박지현,양준일,뽕숭아학당,천인우,수목드라마,임한결,이가흔,보코하람,라디오스타,디지털교도소,간 떨어지는 동거 드라마
2020-07-09 05:54:00,진워렌버핏,우리 사랑했을까,고은아,지나,미쓰리는 알고있다,하트시그널 시즌3,셀트리온,신박한 정리,FC 바르셀로나,박지현,양준일,뽕숭아학당,천인우,수목드라마,임한결,이가흔,보코하람,라디오스타,디지털교도소,간 떨어지는 동거 드라마
2020-07-09 05:55:00,진워렌버핏,우리 사랑했을까,고은아,지나,하트시그널 시즌3,미쓰리는 알고있다,신박한 정리,셀트리온,FC 바르셀로나,박지현,양준일,뽕숭아학당,천인우,수목드라마,임한결,라디오스타,디지털교도소,보코하람,하트시그널 시즌3 갤러리,간 떨어지는 동거 드라마
2020-07-09 05:56:00,진워렌버핏,우리 사랑했을까,고은아,지나,하트시그널 시즌3,미쓰리는 알고있다,신박한 정리,셀트리온,FC 바르셀로나,박지현,양준일,뽕숭아학당,천인우,수목드라마,임한결,이가흔,라디오스타,디지털교도소,간 떨어지는 동거 드라마,하트시그널 시즌3 갤러리
2020-07-09 05:57:00,진워렌버핏,우리 사랑했을까,고은아,지나,하트시그널 시즌3,미쓰리는 알고있다,신박한 정리,FC 바르셀로나,박지현,양준일,뽕숭아학당,천인우,수목드라마,임한결,이가흔,라디오스타,디지털교도소,최강욱,간 떨어지는 동거 드라마,라이프치히
2020-07-09 05:58:00,진워렌버핏,우리 사랑했을까,고은아,지나,하트시그널 시즌3,미쓰리는 알고있다,신박한 정리,셀트리온,FC 바르셀로나,박지현,양준일,뽕숭아학당,김강열,천인우,수목드라마,이가흔,임한결,디지털교도소,라디오스타,최강욱
2020-07-09 05:59:00,진워렌버핏,우리 사랑했을까,고은아,지나,하트시그널 시즌3,신박한 정리,미쓰리는 알고있다,FC 바르셀로나,박지현,양준일,뽕숭아학당,천인우,수목드라마,이가흔,임한결,라디오스타,디지털교도소,최강욱,간 떨어지는 동거 드라마,하트시그널 시즌3 갤러리
2020-07-09 06:00:00,진워렌버핏,우리 사랑했을까,고은아,지나,하트시그널 시즌3,신박한 정리,미쓰리는 알고있다,셀트리온,FC 바르셀로나,박지현,양준일,뽕숭아학당,천인우,수목드라마,임한결,디지털교도소,라디오스타,최강욱,간 떨어지는 동거 드라마,하트시그널 시즌3 갤러리
2020-07-09 06:01:00,진워렌버핏,우리 사랑했을까,고은아,지나,하트시그널 시즌3,신박한 정리,미쓰리는 알고있다,FC 바르셀로나,양준일,박지현,뽕숭아학당,천인우,수목드라마,이가흔,임한결,라디오스타,디지털교도소,최강욱,간 떨어지는 동거 드라마,하트시그널 시즌3 갤러리
2020-07-09 06:02:00,진워렌버핏,우리 사랑했을까,고은아,지나,하트시그널 시즌3,신박한 정리,셀트리온,미쓰리는 알고있다,FC 바르셀로나,양준일,박지현,뽕숭아학당,천인우,수목드라마,임한결,디지털교도소,라디오스타,최강욱,간 떨어지는 동거 드라마,라이프치히
2020-07-09 06:03:00,진워렌버핏,우리 사랑했을까,고은아,지나,하트시그널 시즌3,신박한 정리,셀트리온,미쓰리는 알고있다,FC 바르셀로나,뽕숭아학당,박지현,양준일,천인우,수목드라마,이가흔,임한결,디지털교도소,라디오스타,라이프치히,최강욱
2020-07-09 06:04:00,진워렌버핏,우리 사랑했을까,고은아,지나,하트시그널 시즌3,신박한 정리,셀트리온,미쓰리는 알고있다,FC 바르셀로나,박지현,뽕숭아학당,양준일,천인우,수목드라마,이가흔,임한결,라디오스타,디지털교도소,라이프치히,최강욱
2020-07-09 06:05:00,진워렌버핏,우리 사랑했을까,고은아,지나,하트시그널 시즌3,신박한 정리,미쓰리는 알고있다,셀트리온,FC 바르셀로나,박지현,양준일,뽕숭아학당,천인우,수목드라마,이가흔,임한결,라디오스타,디지털교도소,라이프치히,최강욱
2020-07-09 06:06:00,진워렌버핏,우리 사랑했을까,고은아,지나,하트시그널 시즌3,신박한 정리,미쓰리는 알고있다,셀트리온,FC 바르셀로나,박지현,양준일,뽕숭아학당,천인우,수목드라마,임한결,라디오스타,디지털교도소,라이프치히,최강욱,에이프로
2020-07-09 06:07:00,진워렌버핏,우리 사랑했을까,고은아,지나,하트시그널 시즌3,신박한 정리,셀트리온,미쓰리는 알고있다,FC 바르셀로나,양준일,뽕숭아학당,수목드라마,천인우,이가흔,임한결,라디오스타,디지털교도소,라이프치히,최강욱,장윤정 선수
2020-07-09 06:08:00,진워렌버핏,우리 사랑했을까,고은아,지나,하트시그널 시즌3,신박한 정리,셀트리온,FC 바르셀로나,미쓰리는 알고있다,박지현,뽕숭아학당,양준일,천인우,수목드라마,이가흔,라디오스타,임한결,디지털교도소,라이프치히,최강욱
2020-07-09 06:09:00,진워렌버핏,우리 사랑했을까,고은아,지나,하트시그널 시즌3,신박한 정리,셀트리온,FC 바르셀로나,미쓰리는 알고있다,박지현,뽕숭아학당,양준일,천인우,수목드라마,라디오스타,임한결,디지털교도소,라이프치히,최강욱,에이프로
2020-07-09 06:10:00,진워렌버핏,우리 사랑했을까,고은아,지나,하트시그널 시즌3,신박한 정리,셀트리온,FC 바르셀로나,미쓰리는 알고있다,뽕숭아학당,박지현,양준일,천인우,수목드라마,이가흔,라디오스타,임한결,디지털교도소,라이프치히,최강욱
2020-07-09 06:11:00,진워렌버핏,우리 사랑했을까,고은아,지나,하트시그널 시즌3,신박한 정리,FC 바르셀로나,미쓰리는 알고있다,뽕숭아학당,박지현,양준일,천인우,수목드라마,라디오스타,이가흔,임한결,디지털교도소,최강욱,에이프로,라이프치히
2020-07-09 06:12:00,진워렌버핏,우리 사랑했을까,고은아,지나,하트시그널 시즌3,신박한 정리,미쓰리는 알고있다,FC 바르셀로나,뽕숭아학당,박지현,양준일,천인우,수목드라마,이가흔,라디오스타,임한결,디지털교도소,최강욱,라이프치히,박재옥
2020-07-09 06:13:00,진워렌버핏,우리 사랑했을까,고은아,지나,하트시그널 시즌3,신박한 정리,셀트리온,뽕숭아학당,미쓰리는 알고있다,박지현,FC 바르셀로나,양준일,천인우,수목드라마,라디오스타,임한결,디지털교도소,에이프로,최강욱,라이프치히
2020-07-09 06:14:00,진워렌버핏,우리 사랑했을까,고은아,지나,신박한 정리,하트시그널 시즌3,셀트리온,미쓰리는 알고있다,뽕숭아학당,박지현,FC 바르셀로나,양준일,수목드라마,천인우,이가흔,라디오스타,임한결,디지털교도소,에이프로,최강욱
2020-07-09 06:15:00,진워렌버핏,우리 사랑했을까,고은아,지나,하트시그널 시즌3,신박한 정리,미쓰리는 알고있다,셀트리온,뽕숭아학당,박지현,FC 바르셀로나,양준일,수목드라마,천인우,라디오스타,이가흔,임한결,에이프로,디지털교도소,라이프치히
2020-07-09 06:16:00,진워렌버핏,우리 사랑했을까,고은아,지나,하트시그널 시즌3,신박한 정리,미쓰리는 알고있다,뽕숭아학당,셀트리온,박지현,FC 바르셀로나,양준일,수목드라마,천인우,라디오스타,임한결,에이프로,디지털교도소,라이프치히,최강욱
2020-07-09 06:17:00,진워렌버핏,우리 사랑했을까,고은아,지나,신박한 정리,하트시그널 시즌3,미쓰리는 알고있다,뽕숭아학당,셀트리온,박지현,양준일,FC 바르셀로나,수목드라마,천인우,라디오스타,에이프로,임한결,디지털교도소,최강욱,박재옥
2020-07-09 06:18:00,진워렌버핏,우리 사랑했을까,고은아,지나,신박한 정리,하트시그널 시즌3,뽕숭아학당,미쓰리는 알고있다,박지현,양준일,FC 바르셀로나,천인우,수목드라마,라디오스타,이가흔,임한결,디지털교도소,최강욱,라이프치히,박재옥
2020-07-09 06:19:00,진워렌버핏,우리 사랑했을까,고은아,지나,신박한 정리,하트시그널 시즌3,뽕숭아학당,박지현,미쓰리는 알고있다,양준일,FC 바르셀로나,수목드라마,천인우,라디오스타,이가흔,임한결,디지털교도소,라이프치히,박재옥,최강욱
2020-07-09 06:20:00,진워렌버핏,우리 사랑했을까,고은아,지나,신박한 정리,하트시그널 시즌3,뽕숭아학당,셀트리온,미쓰리는 알고있다,박지현,양준일,FC 바르셀로나,수목드라마,천인우,라디오스타,에이프로,임한결,디지털교도소,라이프치히,박재옥
2020-07-09 06:21:00,진워렌버핏,우리 사랑했을까,고은아,지나,신박한 정리,하트시그널 시즌3,셀트리온,뽕숭아학당,미쓰리는 알고있다,박지현,양준일,수목드라마,천인우,FC 바르셀로나,라디오스타,임한결,디지털교도소,라이프치히,최강욱,박재옥
2020-07-09 06:22:00,진워렌버핏,우리 사랑했을까,고은아,지나,신박한 정리,하트시그널 시즌3,셀트리온,뽕숭아학당,박지현,미쓰리는 알고있다,양준일,수목드라마,FC 바르셀로나,천인우,라디오스타,에이프로,임한결,디지털교도소,라이프치히,최강욱
2020-07-09 06:23:00,진워렌버핏,우리 사랑했을까,고은아,지나,신박한 정리,하트시그널 시즌3,셀트리온,뽕숭아학당,미쓰리는 알고있다,양준일,수목드라마,FC 바르셀로나,천인우,라디오스타,임한결,디지털교도소,라이프치히,최강욱,박재옥,서민재
2020-07-09 06:24:00,진워렌버핏,우리 사랑했을까,고은아,지나,신박한 정리,하트시그널 시즌3,셀트리온,뽕숭아학당,미쓰리는 알고있다,양준일,수목드라마,천인우,FC 바르셀로나,라디오스타,이가흔,에이프로,임한결,디지털교도소,최강욱,라이프치히
2020-07-09 06:25:00,진워렌버핏,우리 사랑했을까,고은아,지나,신박한 정리,하트시그널 시즌3,뽕숭아학당,미쓰리는 알고있다,셀트리온,양준일,수목드라마,천인우,FC 바르셀로나,라디오스타,이가흔,임한결,에이프로,디지털교도소,최강욱,라이프치히
2020-07-09 06:26:00,진워렌버핏,우리 사랑했을까,고은아,지나,하트시그널 시즌3,신박한 정리,뽕숭아학당,셀트리온,미쓰리는 알고있다,양준일,수목드라마,천인우,FC 바르셀로나,라디오스타,이가흔,에이프로,임한결,디지털교도소,최강욱,박재옥
2020-07-09 06:27:00,진워렌버핏,우리 사랑했을까,고은아,지나,신박한 정리,하트시그널 시즌3,박지현,뽕숭아학당,셀트리온,미쓰리는 알고있다,양준일,수목드라마,천인우,FC 바르셀로나,라디오스타,에이프로,디지털교도소,임한결,최강욱,박재옥
2020-07-09 06:28:00,진워렌버핏,우리 사랑했을까,고은아,지나,신박한 정리,하트시그널 시즌3,뽕숭아학당,박지현,셀트리온,미쓰리는 알고있다,양준일,수목드라마,FC 바르셀로나,천인우,라디오스타,이가흔,디지털교도소,임한결,최강욱,박재옥
2020-07-09 06:29:00,진워렌버핏,우리 사랑했을까,고은아,지나,신박한 정리,하트시그널 시즌3,뽕숭아학당,박지현,셀트리온,미쓰리는 알고있다,양준일,수목드라마,FC 바르셀로나,라디오스타,천인우,이가흔,에이프로,디지털교도소,임한결,최강욱
2020-07-09 06:30:00,진워렌버핏,우리 사랑했을까,고은아,지나,신박한 정리,하트시그널 시즌3,뽕숭아학당,박지현,셀트리온,미쓰리는 알고있다,양준일,수목드라마,FC 바르셀로나,천인우,라디오스타,이가흔,에이프로,디지털교도소,임한결,최강욱
2020-07-09 06:31:00,진워렌버핏,우리 사랑했을까,고은아,지나,신박한 정리,하트시그널 시즌3,뽕숭아학당,박지현,셀트리온,미쓰리는 알고있다,양준일,수목드라마,FC 바르셀로나,천인우,라디오스타,에이프로,디지털교도소,최강욱,임한결,박재옥
2020-07-09 06:32:00,진워렌버핏,우리 사랑했을까,고은아,지나,하트시그널 시즌3,신박한 정리,뽕숭아학당,박지현,셀트리온,미쓰리는 알고있다,양준일,수목드라마,FC 바르셀로나,라디오스타,천인우,에이프로,디지털교도소,최강욱,임한결,박재옥
2020-07-09 06:33:00,진워렌버핏,우리 사랑했을까,고은아,지나,하트시그널 시즌3,신박한 정리,뽕숭아학당,박지현,셀트리온,미쓰리는 알고있다,양준일,수목드라마,FC 바르셀로나,라디오스타,천인우,에이프로,최강욱,디지털교도소,임한결,박재옥
2020-07-09 06:34:00,진워렌버핏,우리 사랑했을까,고은아,지나,하트시그널 시즌3,신박한 정리,뽕숭아학당,박지현,셀트리온,미쓰리는 알고있다,양준일,수목드라마,FC 바르셀로나,라디오스타,천인우,이가흔,에이프로,최강욱,디지털교도소,임한결
2020-07-09 06:35:00,진워렌버핏,우리 사랑했을까,고은아,지나,하트시그널 시즌3,신박한 정리,뽕숭아학당,박지현,셀트리온,미쓰리는 알고있다,양준일,FC 바르셀로나,수목드라마,김정수,라디오스타,천인우,이가흔,최강욱,디지털교도소,임한결
2020-07-09 06:36:00,진워렌버핏,우리 사랑했을까,고은아,지나,하트시그널 시즌3,신박한 정리,박지현,뽕숭아학당,미쓰리는 알고있다,김정수,셀트리온,수목드라마,FC 바르셀로나,양준일,라디오스타,이가흔,에이프로,최강욱,임한결,디지털교도소
2020-07-09 06:37:00,진워렌버핏,우리 사랑했을까,고은아,지나,하트시그널 시즌3,신박한 정리,뽕숭아학당,김정수,미쓰리는 알고있다,셀트리온,FC 바르셀로나,수목드라마,라디오스타,양준일,천인우,이가흔,에이프로,최강욱,임한결,디지털교도소
2020-07-09 06:38:00,진워렌버핏,우리 사랑했을까,고은아,지나,하트시그널 시즌3,신박한 정리,뽕숭아학당,김정수,미쓰리는 알고있다,셀트리온,FC 바르셀로나,수목드라마,라디오스타,양준일,천인우,에이프로,최강욱,임한결,디지털교도소,박재옥
2020-07-09 06:39:00,진워렌버핏,우리 사랑했을까,고은아,지나,신박한 정리,하트시그널 시즌3,박지현,김정수,뽕숭아학당,미쓰리는 알고있다,셀트리온,수목드라마,FC 바르셀로나,라디오스타,천인우,양준일,이가흔,최강욱,임한결,디지털교도소
2020-07-09 06:40:00,진워렌버핏,우리 사랑했을까,고은아,지나,신박한 정리,하트시그널 시즌3,뽕숭아학당,김정수,박지현,미쓰리는 알고있다,셀트리온,수목드라마,FC 바르셀로나,라디오스타,천인우,양준일,이가흔,최강욱,임한결,디지털교도소
2020-07-09 06:41:00,진워렌버핏,우리 사랑했을까,고은아,지나,신박한 정리,하트시그널 시즌3,뽕숭아학당,김정수,박지현,김강열,미쓰리는 알고있다,셀트리온,FC 바르셀로나,수목드라마,천인우,라디오스타,양준일,에이프로,최강욱,디지털교도소
2020-07-09 06:42:00,진워렌버핏,우리 사랑했을까,고은아,지나,신박한 정리,하트시그널 시즌3,뽕숭아학당,김정수,박지현,미쓰리는 알고있다,셀트리온,FC 바르셀로나,수목드라마,천인우,라디오스타,이가흔,양준일,에이프로,최강욱,디지털교도소
2020-07-09 06:43:00,진워렌버핏,우리 사랑했을까,고은아,지나,신박한 정리,하트시그널 시즌3,뽕숭아학당,김정수,박지현,미쓰리는 알고있다,셀트리온,수목드라마,FC 바르셀로나,라디오스타,천인우,이가흔,양준일,천인우 이가흔,에이프로,최강욱
2020-07-09 06:44:00,진워렌버핏,우리 사랑했을까,고은아,지나,김정수,신박한 정리,하트시그널 시즌3,뽕숭아학당,박지현,미쓰리는 알고있다,셀트리온,수목드라마,라디오스타,FC 바르셀로나,천인우,이가흔,양준일,에이프로,최강욱,디지털교도소
2020-07-09 06:45:00,진워렌버핏,우리 사랑했을까,고은아,지나,김정수,신박한 정리,하트시그널 시즌3,뽕숭아학당,미쓰리는 알고있다,셀트리온,수목드라마,이가흔,라디오스타,FC 바르셀로나,천인우,양준일,최강욱,디지털교도소,임한결,서민재
2020-07-09 06:46:00,진워렌버핏,우리 사랑했을까,고은아,지나,김정수,신박한 정리,하트시그널 시즌3,뽕숭아학당,미쓰리는 알고있다,수목드라마,이가흔,FC 바르셀로나,라디오스타,셀트리온,천인우,양준일,에이프로,최강욱,임한결,디지털교도소
2020-07-09 06:47:00,진워렌버핏,우리 사랑했을까,고은아,지나,김정수,하트시그널 시즌3,신박한 정리,박지현,김강열,뽕숭아학당,미쓰리는 알고있다,수목드라마,이가흔,FC 바르셀로나,라디오스타,셀트리온,천인우,양준일,에이프로,최강욱
2020-07-09 06:48:00,진워렌버핏,우리 사랑했을까,고은아,지나,김정수,하트시그널 시즌3,신박한 정리,박지현,뽕숭아학당,미쓰리는 알고있다,이가흔,수목드라마,FC 바르셀로나,라디오스타,천인우,셀트리온,양준일,에이프로,최강욱,임한결
2020-07-09 06:49:00,진워렌버핏,우리 사랑했을까,고은아,지나,김정수,하트시그널 시즌3,신박한 정리,박지현,뽕숭아학당,미쓰리는 알고있다,라디오스타,이가흔,FC 바르셀로나,수목드라마,셀트리온,천인우,양준일,에이프로,최강욱,임한결
2020-07-09 06:50:00,진워렌버핏,우리 사랑했을까,고은아,지나,김정수,하트시그널 시즌3,신박한 정리,박지현,뽕숭아학당,미쓰리는 알고있다,라디오스타,이가흔,FC 바르셀로나,수목드라마,셀트리온,천인우,양준일,에이프로,최강욱,임한결
2020-07-09 06:51:00,진워렌버핏,우리 사랑했을까,고은아,지나,김정수,하트시그널 시즌3,신박한 정리,박지현,뽕숭아학당,미쓰리는 알고있다,라디오스타,셀트리온,천인우 이가흔,수목드라마,FC 바르셀로나,에이프로,최강욱,양준일,디지털교도소,임한결
2020-07-09 06:52:00,진워렌버핏,우리 사랑했을까,고은아,지나,김정수,하트시그널 시즌3,신박한 정리,박지현,뽕숭아학당,미쓰리는 알고있다,라디오스타,셀트리온,천인우 이가흔,FC 바르셀로나,수목드라마,에이프로,천인우,최강욱,양준일,디지털교도소
2020-07-09 06:53:00,진워렌버핏,우리 사랑했을까,고은아,지나,하트시그널 시즌3,신박한 정리,김정수,박지현,뽕숭아학당,미쓰리는 알고있다,라디오스타,셀트리온,천인우 이가흔,FC 바르셀로나,이가흔,수목드라마,최강욱,천인우,양준일,디지털교도소
2020-07-09 06:54:00,진워렌버핏,우리 사랑했을까,고은아,지나,하트시그널 시즌3,신박한 정리,김정수,뽕숭아학당,미쓰리는 알고있다,셀트리온,라디오스타,천인우 이가흔,이가흔,FC 바르셀로나,수목드라마,최강욱,에이프로,천인우,양준일,디지털교도소
2020-07-09 06:55:00,진워렌버핏,우리 사랑했을까,고은아,지나,신박한 정리,하트시그널 시즌3,김정수,박지현,뽕숭아학당,미쓰리는 알고있다,셀트리온,라디오스타,천인우 이가흔,수목드라마,FC 바르셀로나,최강욱,에이프로,양준일,디지털교도소,임한결
2020-07-09 06:56:00,진워렌버핏,우리 사랑했을까,고은아,지나,하트시그널 시즌3,신박한 정리,김정수,박지현,김강열,뽕숭아학당,미쓰리는 알고있다,라디오스타,천인우 이가흔,최강욱,수목드라마,FC 바르셀로나,셀트리온,천인우,에이프로,양준일
2020-07-09 06:57:00,진워렌버핏,우리 사랑했을까,고은아,지나,하트시그널 시즌3,신박한 정리,김정수,박지현,뽕숭아학당,미쓰리는 알고있다,라디오스타,이가흔,최강욱,수목드라마,FC 바르셀로나,천인우,셀트리온,양준일,임한결,디지털교도소
2020-07-09 06:58:00,진워렌버핏,우리 사랑했을까,고은아,지나,하트시그널 시즌3,신박한 정리,김정수,박지현,뽕숭아학당,미쓰리는 알고있다,라디오스타,이가흔,최강욱,FC 바르셀로나,수목드라마,셀트리온,양준일,임한결,디지털교도소,박재옥
2020-07-09 06:59:00,진워렌버핏,우리 사랑했을까,고은아,지나,하트시그널 시즌3,신박한 정리,김정수,뽕숭아학당,미쓰리는 알고있다,라디오스타,이가흔,천인우 이가흔,최강욱,FC 바르셀로나,수목드라마,셀트리온,에이프로,양준일,임한결,디지털교도소
2020-07-09 07:00:00,진워렌버핏,우리 사랑했을까,고은아,지나,하트시그널 시즌3,신박한 정리,김정수,뽕숭아학당,미쓰리는 알고있다,라디오스타,천인우 이가흔,이가흔,최강욱,FC 바르셀로나,수목드라마,셀트리온,에이프로,천인우,양준일,임한결
2020-07-09 07:01:00,진워렌버핏,우리 사랑했을까,고은아,지나,하트시그널 시즌3,신박한 정리,김정수,뽕숭아학당,미쓰리는 알고있다,라디오스타,이가흔,천인우 이가흔,최강욱,FC 바르셀로나,에이프로,셀트리온,수목드라마,양준일,임한결,울트라마라톤
2020-07-09 07:02:00,진워렌버핏,우리 사랑했을까,고은아,지나,하트시그널 시즌3,신박한 정리,김정수,울트라마라톤,뽕숭아학당,미쓰리는 알고있다,라디오스타,이가흔,천인우 이가흔,최강욱,FC 바르셀로나,셀트리온,수목드라마,양준일,임한결,디지털교도소
2020-07-09 07:03:00,진워렌버핏,우리 사랑했을까,고은아,지나,하트시그널 시즌3,신박한 정리,김정수,뽕숭아학당,미쓰리는 알고있다,라디오스타,이가흔,천인우 이가흔,최강욱,FC 바르셀로나,셀트리온,에이프로,수목드라마,양준일,임한결,김건모
2020-07-09 07:04:00,진워렌버핏,우리 사랑했을까,고은아,울트라마라톤,지나,하트시그널 시즌3,신박한 정리,김정수,뽕숭아학당,미쓰리는 알고있다,라디오스타,천인우 이가흔,이가흔,최강욱,FC 바르셀로나,천인우,에이프로,셀트리온,수목드라마,양준일
2020-07-09 07:05:00,진워렌버핏,우리 사랑했을까,울트라마라톤,고은아,지나,하트시그널 시즌3,신박한 정리,김정수,뽕숭아학당,미쓰리는 알고있다,천인우 이가흔,라디오스타,이가흔,최강욱,FC 바르셀로나,에이프로,셀트리온,수목드라마,양준일,임한결
2020-07-09 07:06:00,진워렌버핏,우리 사랑했을까,울트라마라톤,고은아,지나,하트시그널 시즌3,신박한 정리,김정수,뽕숭아학당,천인우 이가흔,미쓰리는 알고있다,이가흔,라디오스타,최강욱,FC 바르셀로나,수목드라마,임한결,셀트리온,김건모,양준일
2020-07-09 07:07:00,울트라마라톤,진워렌버핏,우리 사랑했을까,고은아,지나,하트시그널 시즌3,신박한 정리,김정수,뽕숭아학당,미쓰리는 알고있다,천인우 이가흔,이가흔,라디오스타,FC 바르셀로나,최강욱,수목드라마,임한결,셀트리온,김건모,양준일
2020-07-09 07:08:00,울트라마라톤,진워렌버핏,우리 사랑했을까,고은아,지나,하트시그널 시즌3,신박한 정리,김정수,뽕숭아학당,이가흔,미쓰리는 알고있다,천인우 이가흔,라디오스타,FC 바르셀로나,최강욱,에이프로,수목드라마,임한결,셀트리온,김건모
2020-07-09 07:09:00,울트라마라톤,진워렌버핏,우리 사랑했을까,고은아,지나,하트시그널 시즌3,신박한 정리,김정수,뽕숭아학당,천인우 이가흔,이가흔,미쓰리는 알고있다,라디오스타,FC 바르셀로나,최강욱,에이프로,김건모,임한결,수목드라마,셀트리온
2020-07-09 07:10:00,울트라마라톤,진워렌버핏,우리 사랑했을까,고은아,지나,하트시그널 시즌3,신박한 정리,김정수,뽕숭아학당,이가흔,천인우 이가흔,미쓰리는 알고있다,라디오스타,FC 바르셀로나,최강욱,에이프로,김건모,임한결,수목드라마,셀트리온
2020-07-09 07:11:00,울트라마라톤,진워렌버핏,우리 사랑했을까,고은아,지나,하트시그널 시즌3,신박한 정리,김정수,뽕숭아학당,이가흔,미쓰리는 알고있다,라디오스타,FC 바르셀로나,최강욱,에이프로,임한결,김건모,수목드라마,셀트리온,양준일
2020-07-09 07:12:00,울트라마라톤,진워렌버핏,우리 사랑했을까,고은아,지나,하트시그널 시즌3,신박한 정리,김정수,뽕숭아학당,미쓰리는 알고있다,이가흔,라디오스타,FC 바르셀로나,최강욱,에이프로,임한결,김건모,셀트리온,수목드라마,양준일
2020-07-09 07:13:00,울트라마라톤,진워렌버핏,우리 사랑했을까,고은아,지나,하트시그널 시즌3,신박한 정리,김정수,뽕숭아학당,미쓰리는 알고있다,이가흔,라디오스타,FC 바르셀로나,최강욱,임한결,에이프로,김건모,셀트리온,수목드라마,양준일
2020-07-09 07:14:00,울트라마라톤,진워렌버핏,우리 사랑했을까,고은아,지나,하트시그널 시즌3,신박한 정리,김정수,뽕숭아학당,미쓰리는 알고있다,천인우 이가흔,라디오스타,FC 바르셀로나,최강욱,임한결,김건모,셀트리온,수목드라마,양준일,울트라마라톤대회
2020-07-09 07:15:00,울트라마라톤,우리 사랑했을까,진워렌버핏,고은아,지나,하트시그널 시즌3,신박한 정리,김정수,뽕숭아학당,미쓰리는 알고있다,천인우 이가흔,이가흔,라디오스타,FC 바르셀로나,최강욱,임한결,김건모,셀트리온,수목드라마,양준일
2020-07-09 07:16:00,울트라마라톤,우리 사랑했을까,진워렌버핏,고은아,지나,하트시그널 시즌3,신박한 정리,김정수,미쓰리는 알고있다,천인우 이가흔,뽕숭아학당,라디오스타,FC 바르셀로나,최강욱,임한결,김건모,에이프로,수목드라마,울트라마라톤대회,셀트리온
2020-07-09 07:17:00,울트라마라톤,우리 사랑했을까,진워렌버핏,고은아,지나,하트시그널 시즌3,신박한 정리,박지현,김정수,천인우 이가흔,미쓰리는 알고있다,뽕숭아학당,이가흔,라디오스타,FC 바르셀로나,최강욱,임한결,김건모,수목드라마,울트라마라톤대회
2020-07-09 07:18:00,울트라마라톤,우리 사랑했을까,진워렌버핏,고은아,지나,하트시그널 시즌3,신박한 정리,김정수,미쓰리는 알고있다,뽕숭아학당,천인우 이가흔,라디오스타,FC 바르셀로나,최강욱,임한결,김건모,수목드라마,에이프로,울트라마라톤대회,셀트리온
2020-07-09 07:19:00,울트라마라톤,우리 사랑했을까,진워렌버핏,고은아,지나,하트시그널 시즌3,신박한 정리,하트시그널,김정수,미쓰리는 알고있다,뽕숭아학당,천인우 이가흔,라디오스타,FC 바르셀로나,최강욱,임한결,김건모,수목드라마,셀트리온,울트라마라톤대회
2020-07-09 07:20:00,울트라마라톤,우리 사랑했을까,진워렌버핏,고은아,지나,하트시그널 시즌3,신박한 정리,하트시그널,김정수,bj유신,미쓰리는 알고있다,뽕숭아학당,천인우 이가흔,이가흔,라디오스타,FC 바르셀로나,최강욱,임한결,김건모,유신
2020-07-09 07:21:00,울트라마라톤,우리 사랑했을까,진워렌버핏,고은아,지나,하트시그널 시즌3,신박한 정리,하트시그널,김정수,bj유신,미쓰리는 알고있다,뽕숭아학당,천인우 이가흔,라디오스타,FC 바르셀로나,임한결,최강욱,김건모,유신,수목드라마
2020-07-09 07:22:00,울트라마라톤,우리 사랑했을까,진워렌버핏,고은아,지나,하트시그널 시즌3,신박한 정리,하트시그널,김정수,bj유신,미쓰리는 알고있다,뽕숭아학당,천인우 이가흔,라디오스타,FC 바르셀로나,최강욱,임한결,김건모,유신,수목드라마
2020-07-09 07:23:00,울트라마라톤,우리 사랑했을까,진워렌버핏,고은아,하트시그널 시즌3,지나,김이브,신박한 정리,하트시그널,김정수,bj유신,미쓰리는 알고있다,뽕숭아학당,천인우 이가흔,라디오스타,FC 바르셀로나,임한결,최강욱,김건모,디지털교도소
2020-07-09 07:24:00,울트라마라톤,우리 사랑했을까,진워렌버핏,고은아,하트시그널 시즌3,지나,김이브,하트시그널,신박한 정리,김정수,bj유신,미쓰리는 알고있다,뽕숭아학당,천인우 이가흔,라디오스타,FC 바르셀로나,임한결,최강욱,김건모,디지털교도소
2020-07-09 07:25:00,울트라마라톤,우리 사랑했을까,진워렌버핏,고은아,하트시그널 시즌3,지나,김이브,하트시그널,신박한 정리,김정수,bj유신,미쓰리는 알고있다,뽕숭아학당,천인우 이가흔,라디오스타,FC 바르셀로나,임한결,최강욱,김건모,디지털교도소
2020-07-09 07:26:00,울트라마라톤,우리 사랑했을까,진워렌버핏,고은아,하트시그널 시즌3,지나,김이브,하트시그널,신박한 정리,김정수,bj유신,미쓰리는 알고있다,천인우 이가흔,뽕숭아학당,라디오스타,FC 바르셀로나,임한결,최강욱,김건모,디지털교도소
2020-07-09 07:27:00,울트라마라톤,우리 사랑했을까,진워렌버핏,고은아,하트시그널 시즌3,지나,김이브,김강열,하트시그널,신박한 정리,김정수,미쓰리는 알고있다,천인우 이가흔,bj유신,뽕숭아학당,라디오스타,FC 바르셀로나,임한결,최강욱,김건모
2020-07-09 07:28:00,울트라마라톤,우리 사랑했을까,진워렌버핏,고은아,하트시그널 시즌3,지나,김이브,김강열,하트시그널,신박한 정리,김정수,천인우 이가흔,미쓰리는 알고있다,bj유신,뽕숭아학당,라디오스타,최강욱,임한결,FC 바르셀로나,김건모
2020-07-09 07:29:00,울트라마라톤,우리 사랑했을까,진워렌버핏,고은아,하트시그널 시즌3,지나,김이브,하트시그널,신박한 정리,김정수,천인우 이가흔,미쓰리는 알고있다,bj유신,뽕숭아학당,라디오스타,최강욱,임한결,FC 바르셀로나,김건모,디지털교도소
2020-07-09 07:30:00,울트라마라톤,우리 사랑했을까,진워렌버핏,고은아,김정수,하트시그널 시즌3,지나,김이브,하트시그널,신박한 정리,천인우 이가흔,미쓰리는 알고있다,뽕숭아학당,bj유신,라디오스타,최강욱,임한결,FC 바르셀로나,김건모,디지털교도소
2020-07-09 07:31:00,울트라마라톤,우리 사랑했을까,진워렌버핏,고은아,김정수,하트시그널 시즌3,지나,김이브,하트시그널,신박한 정리,천인우 이가흔,미쓰리는 알고있다,뽕숭아학당,라디오스타,bj유신,최강욱,임한결,FC 바르셀로나,리드,김건모
2020-07-09 07:32:00,울트라마라톤,우리 사랑했을까,진워렌버핏,고은아,김정수,하트시그널 시즌3,지나,김이브,하트시그널,신박한 정리,천인우 이가흔,미쓰리는 알고있다,뽕숭아학당,라디오스타,bj유신,최강욱,임한결,리드,김건모,FC 바르셀로나
2020-07-09 07:33:00,울트라마라톤,우리 사랑했을까,진워렌버핏,고은아,김정수,하트시그널 시즌3,지나,김이브,하트시그널,신박한 정리,천인우 이가흔,미쓰리는 알고있다,뽕숭아학당,디지털교도소,라디오스타,bj유신,최강욱,임한결,김건모,리드
2020-07-09 07:34:00,울트라마라톤,우리 사랑했을까,진워렌버핏,고은아,김정수,하트시그널 시즌3,지나,김이브,하트시그널,신박한 정리,디지털교도소,천인우 이가흔,미쓰리는 알고있다,뽕숭아학당,라디오스타,최강욱,bj유신,임한결,김건모,FC 바르셀로나
2020-07-09 07:35:00,울트라마라톤,우리 사랑했을까,진워렌버핏,고은아,김정수,하트시그널 시즌3,지나,김이브,하트시그널,신박한 정리,디지털교도소,천인우 이가흔,이가흔,뽕숭아학당,미쓰리는 알고있다,라디오스타,최강욱,임한결,bj유신,김건모
2020-07-09 07:36:00,울트라마라톤,우리 사랑했을까,진워렌버핏,고은아,김정수,지나,하트시그널 시즌3,김이브,하트시그널,디지털교도소,신박한 정리,천인우 이가흔,이가흔,미쓰리는 알고있다,라디오스타,뽕숭아학당,최강욱,임한결,bj유신,김건모
2020-07-09 07:37:00,울트라마라톤,우리 사랑했을까,진워렌버핏,고은아,김정수,지나,하트시그널 시즌3,하트시그널,김이브,디지털교도소,천인우 이가흔,신박한 정리,이가흔,미쓰리는 알고있다,뽕숭아학당,라디오스타,최강욱,임한결,bj유신,김건모
2020-07-09 07:38:00,울트라마라톤,우리 사랑했을까,진워렌버핏,고은아,김정수,지나,하트시그널 시즌3,하트시그널,김이브,디지털교도소,천인우 이가흔,신박한 정리,이가흔,미쓰리는 알고있다,라디오스타,뽕숭아학당,임한결,최강욱,bj유신,울트라마라톤대회
2020-07-09 07:39:00,울트라마라톤,우리 사랑했을까,진워렌버핏,고은아,김정수,하트시그널 시즌3,지나,하트시그널,김이브,디지털교도소,천인우 이가흔,신박한 정리,이가흔,미쓰리는 알고있다,라디오스타,뽕숭아학당,임한결,최강욱,김어준,울트라마라톤대회
2020-07-09 07:40:00,울트라마라톤,우리 사랑했을까,진워렌버핏,고은아,김정수,하트시그널 시즌3,지나,하트시그널,김이브,디지털교도소,천인우 이가흔,이가흔,신박한 정리,미쓰리는 알고있다,라디오스타,뽕숭아학당,임한결,최강욱,김어준,울트라마라톤대회
2020-07-09 07:41:00,울트라마라톤,우리 사랑했을까,진워렌버핏,고은아,김정수,하트시그널 시즌3,지나,하트시그널,김이브,천인우 이가흔,디지털교도소,신박한 정리,이가흔,미쓰리는 알고있다,라디오스타,뽕숭아학당,임한결,김어준,최강욱,울트라마라톤대회
2020-07-09 07:42:00,울트라마라톤,우리 사랑했을까,진워렌버핏,고은아,김정수,하트시그널 시즌3,지나,하트시그널,김이브,천인우 이가흔,디지털교도소,신박한 정리,이가흔,미쓰리는 알고있다,라디오스타,임한결,뽕숭아학당,김어준,최강욱,울트라마라톤대회
2020-07-09 07:43:00,울트라마라톤,우리 사랑했을까,진워렌버핏,고은아,김정수,하트시그널 시즌3,지나,하트시그널,김이브,천인우 이가흔,디지털교도소,이가흔,신박한 정리,미쓰리는 알고있다,김어준,라디오스타,임한결,뽕숭아학당,최강욱,울트라마라톤대회
2020-07-09 07:44:00,울트라마라톤,우리 사랑했을까,진워렌버핏,고은아,김정수,하트시그널 시즌3,지나,박지현,하트시그널,김이브,천인우 이가흔,디지털교도소,이가흔,김어준,신박한 정리,미쓰리는 알고있다,라디오스타,임한결,뽕숭아학당,최강욱
2020-07-09 07:45:00,울트라마라톤,우리 사랑했을까,진워렌버핏,고은아,하트시그널 시즌3,김정수,지나,하트시그널,김이브,천인우 이가흔,김어준,디지털교도소,미쓰리는 알고있다,신박한 정리,라디오스타,임한결,뽕숭아학당,최강욱,울트라마라톤대회,김건모
2020-07-09 07:46:00,울트라마라톤,우리 사랑했을까,진워렌버핏,고은아,하트시그널 시즌3,지나,김정수,하트시그널,김이브,천인우 이가흔,김어준,디지털교도소,미쓰리는 알고있다,신박한 정리,라디오스타,뽕숭아학당,임한결,최강욱,울트라마라톤대회,김건모
2020-07-09 07:47:00,울트라마라톤,우리 사랑했을까,진워렌버핏,고은아,하트시그널 시즌3,지나,김정수,하트시그널,김이브,김어준,천인우 이가흔,이가흔,디지털교도소,미쓰리는 알고있다,라디오스타,임한결,신박한 정리,뽕숭아학당,최강욱,울트라마라톤대회
2020-07-09 07:48:00,울트라마라톤,우리 사랑했을까,진워렌버핏,고은아,하트시그널 시즌3,지나,김정수,하트시그널,김어준,김이브,천인우 이가흔,디지털교도소,미쓰리는 알고있다,라디오스타,임한결,신박한 정리,뽕숭아학당,최강욱,울트라마라톤대회,김건모
2020-07-09 07:49:00,울트라마라톤,우리 사랑했을까,진워렌버핏,고은아,하트시그널 시즌3,지나,김정수,하트시그널,김어준,김이브,천인우 이가흔,디지털교도소,미쓰리는 알고있다,임한결,라디오스타,뽕숭아학당,신박한 정리,최강욱,울트라마라톤대회,bj유신
2020-07-09 07:50:00,울트라마라톤,우리 사랑했을까,진워렌버핏,고은아,하트시그널 시즌3,지나,김정수,하트시그널,김어준,김이브,이가흔,천인우 이가흔,디지털교도소,미쓰리는 알고있다,임한결,라디오스타,뽕숭아학당,신박한 정리,최강욱,울트라마라톤대회
2020-07-09 07:51:00,울트라마라톤,우리 사랑했을까,진워렌버핏,고은아,하트시그널 시즌3,지나,김정수,하트시그널,김어준,김이브,이가흔,천인우 이가흔,디지털교도소,미쓰리는 알고있다,임한결,라디오스타,뽕숭아학당,신박한 정리,최강욱,울트라마라톤대회
2020-07-09 07:52:00,울트라마라톤,우리 사랑했을까,진워렌버핏,고은아,하트시그널 시즌3,지나,김정수,하트시그널,김어준,김이브,이가흔,디지털교도소,미쓰리는 알고있다,임한결,라디오스타,뽕숭아학당,신박한 정리,최강욱,울트라마라톤대회,bj유신
2020-07-09 07:53:00,울트라마라톤,우리 사랑했을까,진워렌버핏,고은아,하트시그널 시즌3,지나,김정수,하트시그널,김어준,김이브,이가흔,디지털교도소,미쓰리는 알고있다,임한결,라디오스타,뽕숭아학당,신박한 정리,최강욱,울트라마라톤대회,bj유신
2020-07-09 07:54:00,울트라마라톤,우리 사랑했을까,진워렌버핏,고은아,하트시그널 시즌3,지나,김정수,김어준,하트시그널,김이브,이가흔,디지털교도소,미쓰리는 알고있다,임한결,라디오스타,뽕숭아학당,신박한 정리,최강욱,울트라마라톤대회,bj유신
2020-07-09 07:55:00,울트라마라톤,우리 사랑했을까,진워렌버핏,고은아,하트시그널 시즌3,지나,김정수,김어준,하트시그널,김이브,이가흔,디지털교도소,미쓰리는 알고있다,임한결,뽕숭아학당,라디오스타,신박한 정리,울트라마라톤대회,최강욱,bj유신
2020-07-09 07:56:00,울트라마라톤,우리 사랑했을까,진워렌버핏,고은아,하트시그널 시즌3,지나,김어준,김정수,하트시그널,이가흔,김이브,디지털교도소,미쓰리는 알고있다,임한결,뽕숭아학당,라디오스타,신박한 정리,조우종의 fm대행진,울트라마라톤대회,최강욱
2020-07-09 07:57:00,울트라마라톤,우리 사랑했을까,진워렌버핏,고은아,하트시그널 시즌3,김어준,지나,김정수,하트시그널,이가흔,김이브,디지털교도소,미쓰리는 알고있다,임한결,조우종의 fm대행진,뽕숭아학당,라디오스타,울트라마라톤대회,신박한 정리,최강욱
2020-07-09 07:58:00,울트라마라톤,우리 사랑했을까,진워렌버핏,고은아,김어준,하트시그널 시즌3,지나,김정수,하트시그널,이가흔,김이브,디지털교도소,미쓰리는 알고있다,임한결,조우종의 fm대행진,뽕숭아학당,라디오스타,울트라마라톤대회,신박한 정리,최강욱
2020-07-09 07:59:00,울트라마라톤,우리 사랑했을까,진워렌버핏,고은아,김어준,하트시그널 시즌3,지나,김정수,하트시그널,이가흔,김이브,미쓰리는 알고있다,디지털교도소,조우종의 fm대행진,임한결,뽕숭아학당,라디오스타,울트라마라톤대회,신박한 정리,김어준의 뉴스공장
2020-07-09 08:00:00,울트라마라톤,우리 사랑했을까,진워렌버핏,고은아,김어준,하트시그널 시즌3,지나,김정수,하트시그널,이가흔,김이브,미쓰리는 알고있다,조우종의 fm대행진,디지털교도소,임한결,뽕숭아학당,라디오스타,울트라마라톤대회,김어준의 뉴스공장,간 떨어지는 동거 드라마
2020-07-09 08:01:00,우리 사랑했을까,울트라마라톤,진워렌버핏,고은아,김어준,하트시그널 시즌3,지나,김정수,하트시그널,이가흔,김이브,조우종의 fm대행진,미쓰리는 알고있다,디지털교도소,임한결,뽕숭아학당,라디오스타,김어준의 뉴스공장,간 떨어지는 동거 드라마,신박한 정리
2020-07-09 08:02:00,우리 사랑했을까,울트라마라톤,진워렌버핏,고은아,김어준,하트시그널 시즌3,지나,김정수,하트시그널,이가흔,김이브,미쓰리는 알고있다,조우종의 fm대행진,임한결,디지털교도소,뽕숭아학당,라디오스타,강성욱,김어준의 뉴스공장,간 떨어지는 동거 드라마
2020-07-09 08:03:00,우리 사랑했을까,진워렌버핏,울트라마라톤,고은아,김어준,하트시그널 시즌3,지나,김정수,하트시그널,이가흔,김이브,미쓰리는 알고있다,조우종의 fm대행진,임한결,디지털교도소,강성욱,뽕숭아학당,라디오스타,김어준의 뉴스공장,간 떨어지는 동거 드라마
2020-07-09 08:04:00,우리 사랑했을까,진워렌버핏,울트라마라톤,고은아,김어준,하트시그널 시즌3,지나,김정수,하트시그널,이가흔,강성욱,김이브,미쓰리는 알고있다,조우종의 fm대행진,임한결,디지털교도소,뽕숭아학당,라디오스타,김어준의 뉴스공장,이다지
2020-07-09 08:05:00,우리 사랑했을까,진워렌버핏,울트라마라톤,고은아,김어준,하트시그널 시즌3,지나,김정수,하트시그널,강성욱,이가흔,미쓰리는 알고있다,김이브,조우종의 fm대행진,임한결,디지털교도소,뽕숭아학당,라디오스타,김어준의 뉴스공장,이다지
2020-07-09 08:06:00,우리 사랑했을까,진워렌버핏,울트라마라톤,고은아,김어준,하트시그널 시즌3,지나,강성욱,김정수,하트시그널,이가흔,미쓰리는 알고있다,김이브,이다지,임한결,조우종의 fm대행진,디지털교도소,뽕숭아학당,김어준의 뉴스공장,라디오스타
2020-07-09 08:07:00,우리 사랑했을까,진워렌버핏,고은아,울트라마라톤,김어준,이다지,강성욱,하트시그널 시즌3,지나,김정수,하트시그널,이가흔,미쓰리는 알고있다,김이브,임한결,조우종의 fm대행진,디지털교도소,김어준의 뉴스공장,뽕숭아학당,최강욱
2020-07-09 08:08:00,우리 사랑했을까,진워렌버핏,고은아,김어준,울트라마라톤,강성욱,이다지,하트시그널 시즌3,지나,김정수,하트시그널,이가흔,미쓰리는 알고있다,임한결,김이브,조우종의 fm대행진,디지털교도소,김어준의 뉴스공장,뽕숭아학당,최강욱
2020-07-09 08:09:00,우리 사랑했을까,진워렌버핏,고은아,강성욱,김어준,이다지,울트라마라톤,지나,하트시그널 시즌3,박지현,김정수,하트시그널,이가흔,미쓰리는 알고있다,임한결,김이브,조우종의 fm대행진,디지털교도소,김어준의 뉴스공장,뽕숭아학당
2020-07-09 08:10:00,우리 사랑했을까,진워렌버핏,고은아,강성욱,김어준,이다지,지나,하트시그널 시즌3,박지현,김정수,울트라마라톤,하트시그널,이가흔,미쓰리는 알고있다,임한결,김이브,조우종의 fm대행진,디지털교도소,김어준의 뉴스공장,뽕숭아학당
2020-07-09 08:11:00,우리 사랑했을까,진워렌버핏,고은아,강성욱,김어준,이다지,지나,하트시그널 시즌3,김정수,하트시그널,이가흔,미쓰리는 알고있다,임한결,김이브,울트라마라톤,조우종의 fm대행진,김어준의 뉴스공장,디지털교도소,광주고시학원,뽕숭아학당
2020-07-09 08:12:00,우리 사랑했을까,진워렌버핏,고은아,강성욱,김어준,이다지,지나,하트시그널 시즌3,김정수,하트시그널,이가흔,미쓰리는 알고있다,임한결,김이브,조우종의 fm대행진,김어준의 뉴스공장,디지털교도소,광주고시학원,뽕숭아학당,간 떨어지는 동거 드라마
2020-07-09 08:13:00,우리 사랑했을까,진워렌버핏,강성욱,고은아,김어준,이다지,지나,하트시그널 시즌3,하트시그널,김정수,이가흔,미쓰리는 알고있다,임한결,김이브,조우종의 fm대행진,김어준의 뉴스공장,디지털교도소,광주고시학원,뽕숭아학당,간 떨어지는 동거 드라마
2020-07-09 08:14:00,우리 사랑했을까,진워렌버핏,강성욱,고은아,김어준,이다지,지나,하트시그널 시즌3,하트시그널,김정수,이가흔,미쓰리는 알고있다,임한결,김이브,조우종의 fm대행진,김어준의 뉴스공장,광주고시학원,디지털교도소,뽕숭아학당,간 떨어지는 동거 드라마
2020-07-09 08:15:00,우리 사랑했을까,진워렌버핏,강성욱,고은아,김어준,이다지,지나,하트시그널 시즌3,하트시그널,김정수,이가흔,미쓰리는 알고있다,임한결,김이브,조우종의 fm대행진,광주고시학원,김어준의 뉴스공장,디지털교도소,뽕숭아학당,간 떨어지는 동거 드라마
2020-07-09 08:16:00,진워렌버핏,우리 사랑했을까,강성욱,고은아,김어준,이다지,지나,박지현,하트시그널,김정수,이가흔,미쓰리는 알고있다,임한결,김이브,조우종의 fm대행진,광주고시학원,김어준의 뉴스공장,디지털교도소,뽕숭아학당,간 떨어지는 동거 드라마
2020-07-09 08:17:00,진워렌버핏,우리 사랑했을까,강성욱,고은아,김어준,이다지,지나,박지현,하트시그널,김정수,이가흔,미쓰리는 알고있다,임한결,김이브,조우종의 fm대행진,광주고시학원,김어준의 뉴스공장,간 떨어지는 동거 드라마,디지털교도소,뽕숭아학당
2020-07-09 08:18:00,진워렌버핏,우리 사랑했을까,강성욱,고은아,김어준,이다지,지나,박지현,하트시그널,김정수,이가흔,미쓰리는 알고있다,임한결,김이브,광주고시학원,조우종의 fm대행진,김어준의 뉴스공장,간 떨어지는 동거 드라마,디지털교도소,뽕숭아학당
2020-07-09 08:19:00,진워렌버핏,우리 사랑했을까,강성욱,고은아,김어준,이다지,지나,박지현,하트시그널,김정수,이가흔,미쓰리는 알고있다,임한결,김이브,광주고시학원,조우종의 fm대행진,김어준의 뉴스공장,간 떨어지는 동거 드라마,디지털교도소,뽕숭아학당
2020-07-09 08:20:00,진워렌버핏,우리 사랑했을까,강성욱,고은아,김어준,이다지,지나,박지현,하트시그널,김정수,이가흔,미쓰리는 알고있다,임한결,김이브,광주고시학원,조우종의 fm대행진,김어준의 뉴스공장,간 떨어지는 동거 드라마,디지털교도소,뽕숭아학당
2020-07-09 08:21:00,진워렌버핏,우리 사랑했을까,강성욱,고은아,김어준,이다지,지나,박지현,하트시그널,김정수,이가흔,미쓰리는 알고있다,임한결,광주고시학원,김이브,조우종의 fm대행진,김어준의 뉴스공장,간 떨어지는 동거 드라마,디지털교도소,뽕숭아학당
2020-07-09 08:22:00,진워렌버핏,우리 사랑했을까,강성욱,고은아,김어준,이다지,지나,박지현,하트시그널,김정수,이가흔,미쓰리는 알고있다,임한결,광주고시학원,김이브,조우종의 fm대행진,간 떨어지는 동거 드라마,김어준의 뉴스공장,디지털교도소,뽕숭아학당
2020-07-09 08:23:00,진워렌버핏,우리 사랑했을까,강성욱,고은아,김어준,이다지,지나,박지현,하트시그널,이가흔,김정수,미쓰리는 알고있다,임한결,광주고시학원,김이브,조우종의 fm대행진,간 떨어지는 동거 드라마,김어준의 뉴스공장,뽕숭아학당,디지털교도소
2020-07-09 08:24:00,진워렌버핏,우리 사랑했을까,강성욱,고은아,김어준,이다지,지나,박지현,하트시그널,이가흔,김정수,미쓰리는 알고있다,임한결,광주고시학원,김이브,조우종의 fm대행진,간 떨어지는 동거 드라마,김어준의 뉴스공장,뽕숭아학당,서민재
2020-07-09 08:25:00,진워렌버핏,강성욱,우리 사랑했을까,고은아,이다지,김어준,지나,박지현,하트시그널,이가흔,김정수,미쓰리는 알고있다,임한결,광주고시학원,김이브,조우종의 fm대행진,간 떨어지는 동거 드라마,김어준의 뉴스공장,뽕숭아학당,서민재
2020-07-09 08:26:00,진워렌버핏,강성욱,우리 사랑했을까,고은아,이다지,김어준,지나,박지현,하트시그널,이가흔,김정수,미쓰리는 알고있다,임한결,광주고시학원,김이브,조우종의 fm대행진,간 떨어지는 동거 드라마,김어준의 뉴스공장,뽕숭아학당,서민재
2020-07-09 08:27:00,강성욱,진워렌버핏,우리 사랑했을까,고은아,이다지,김어준,지나,박지현,이가흔,하트시그널 시즌3,김정수,미쓰리는 알고있다,임한결,광주고시학원,김이브,조우종의 fm대행진,간 떨어지는 동거 드라마,김어준의 뉴스공장,서민재,뽕숭아학당
2020-07-09 08:28:00,강성욱,진워렌버핏,우리 사랑했을까,고은아,에펠탑,이다지,김어준,지나,박지현,이가흔,미쓰리는 알고있다,김정수,디프테리아,임한결,광주고시학원,김이브,조우종의 fm대행진,간 떨어지는 동거 드라마,김어준의 뉴스공장,서민재
2020-07-09 08:29:00,에펠탑,강성욱,진워렌버핏,우리 사랑했을까,고은아,이다지,김어준,지나,디프테리아,박지현,이가흔,미쓰리는 알고있다,하트시그널 시즌3,김정수,임한결,광주고시학원,김이브,조우종의 fm대행진,간 떨어지는 동거 드라마,김어준의 뉴스공장
2020-07-09 08:30:00,에펠탑,강성욱,진워렌버핏,우리 사랑했을까,고은아,이다지,김어준,지나,박지현,미쓰리는 알고있다,이가흔,임한결,광주고시학원,김이브,간 떨어지는 동거 드라마,조우종의 fm대행진,김어준의 뉴스공장,서민재,뽕숭아학당,이혁진
2020-07-09 08:31:00,에펠탑,강성욱,진워렌버핏,우리 사랑했을까,고은아,이다지,김어준,지나,박지현,미쓰리는 알고있다,이가흔,임한결,광주고시학원,김이브,간 떨어지는 동거 드라마,조우종의 fm대행진,서민재,이혁진,김어준의 뉴스공장,뽕숭아학당
2020-07-09 08:32:00,에펠탑,강성욱,진워렌버핏,우리 사랑했을까,고은아,이다지,지나,김어준,박지현,미쓰리는 알고있다,하트시그널,이가흔,임한결,광주고시학원,김이브,간 떨어지는 동거 드라마,조우종의 fm대행진,이혁진,서민재,뽕숭아학당
2020-07-09 08:33:00,에펠탑,강성욱,진워렌버핏,우리 사랑했을까,고은아,이다지,지나,김어준,미쓰리는 알고있다,박지현,하트시그널,이가흔,광주고시학원,임한결,김이브,간 떨어지는 동거 드라마,조우종의 fm대행진,서민재,이혁진,뽕숭아학당
2020-07-09 08:34:00,에펠탑,강성욱,진워렌버핏,우리 사랑했을까,디프테리아,고은아,이다지,지나,김어준,미쓰리는 알고있다,박지현,이가흔,광주고시학원,임한결,김이브,간 떨어지는 동거 드라마,조우종의 fm대행진,서민재,이혁진,뽕숭아학당
2020-07-09 08:35:00,에펠탑,강성욱,진워렌버핏,우리 사랑했을까,디프테리아,고은아,이다지,지나,김어준,미쓰리는 알고있다,박지현,이가흔,광주고시학원,임한결,김이브,조우종의 fm대행진,간 떨어지는 동거 드라마,서민재,이혁진,뽕숭아학당
2020-07-09 08:36:00,에펠탑,강성욱,진워렌버핏,디프테리아,우리 사랑했을까,고은아,이다지,지나,김어준,미쓰리는 알고있다,박지현,이가흔,광주고시학원,임한결,김이브,간 떨어지는 동거 드라마,조우종의 fm대행진,서민재,이혁진,뽕숭아학당
2020-07-09 08:37:00,에펠탑,강성욱,진워렌버핏,디프테리아,우리 사랑했을까,고은아,이다지,지나,김어준,미쓰리는 알고있다,박지현,김강열,이가흔,임한결,김이브,간 떨어지는 동거 드라마,조우종의 fm대행진,이혁진,서민재,뽕숭아학당
2020-07-09 08:38:00,에펠탑,강성욱,디프테리아,진워렌버핏,우리 사랑했을까,고은아,이다지,지나,김어준,미쓰리는 알고있다,박지현,김강열,이가흔,임한결,김이브,간 떨어지는 동거 드라마,조우종의 fm대행진,이혁진,서민재,뽕숭아학당
2020-07-09 08:39:00,강성욱,에펠탑,디프테리아,진워렌버핏,우리 사랑했을까,제주청년농부,고은아,이다지,지나,미쓰리는 알고있다,김어준,박지현,이가흔,임한결,김이브,이혁진,간 떨어지는 동거 드라마,조우종의 fm대행진,서민재,뽕숭아학당
2020-07-09 08:40:00,강성욱,에펠탑,진워렌버핏,우리 사랑했을까,제주청년농부,고은아,이다지,지나,미쓰리는 알고있다,김어준,박지현,이가흔,하트시그널,광주고시학원,임한결,김이브,이혁진,간 떨어지는 동거 드라마,조우종의 fm대행진,서민재
2020-07-09 08:41:00,디프테리아,강성욱,에펠탑,진워렌버핏,우리 사랑했을까,제주청년농부,고은아,이다지,지나,미쓰리는 알고있다,김어준,박지현,이가흔,하트시그널,임한결,김이브,이혁진,간 떨어지는 동거 드라마,조우종의 fm대행진,서민재
2020-07-09 08:42:00,디프테리아,강성욱,에펠탑,진워렌버핏,우리 사랑했을까,제주청년농부,고은아,이다지,지나,미쓰리는 알고있다,김어준,박지현,김강열,이가흔,광주고시학원,임한결,김이브,이혁진,간 떨어지는 동거 드라마,조우종의 fm대행진
2020-07-09 08:43:00,디프테리아,강성욱,에펠탑,진워렌버핏,우리 사랑했을까,제주청년농부,고은아,이다지,지나,미쓰리는 알고있다,김어준,박지현,김강열,이가흔,광주고시학원,임한결,김이브,이혁진,간 떨어지는 동거 드라마,조우종의 fm대행진
2020-07-09 08:44:00,디프테리아,강성욱,에펠탑,진워렌버핏,우리 사랑했을까,제주청년농부,고은아,이다지,지나,미쓰리는 알고있다,박지현,김어준,김강열,이가흔,광주고시학원,임한결,김이브,이혁진,간 떨어지는 동거 드라마,조우종의 fm대행진
2020-07-09 08:45:00,디프테리아,강성욱,에펠탑,진워렌버핏,우리 사랑했을까,제주청년농부,고은아,지나,이다지,미쓰리는 알고있다,박지현,김어준,하트시그널,이가흔,임한결,김이브,이혁진,간 떨어지는 동거 드라마,조우종의 fm대행진,서민재
2020-07-09 08:46:00,디프테리아,강성욱,에펠탑,진워렌버핏,우리 사랑했을까,제주청년농부,고은아,지나,이다지,미쓰리는 알고있다,박지현,하트시그널,김어준,광주고시학원,이가흔,임한결,김이브,이혁진,간 떨어지는 동거 드라마,조우종의 fm대행진
2020-07-09 08:47:00,디프테리아,강성욱,에펠탑,진워렌버핏,우리 사랑했을까,제주청년농부,고은아,지나,이다지,미쓰리는 알고있다,박지현,김어준,이가흔,김강열,하트시그널,김이브,임한결,이혁진,간 떨어지는 동거 드라마,조우종의 fm대행진
2020-07-09 08:48:00,디프테리아,강성욱,에펠탑,진워렌버핏,우리 사랑했을까,제주청년농부,고은아,지나,이다지,미쓰리는 알고있다,박지현,김강열,김어준,하트시그널,이가흔,김이브,임한결,이혁진,간 떨어지는 동거 드라마,조우종의 fm대행진
2020-07-09 08:49:00,디프테리아,강성욱,에펠탑,진워렌버핏,제주청년농부,우리 사랑했을까,고은아,지나,이다지,미쓰리는 알고있다,광주고시학원,박지현,김강열,하트시그널,천인우 이가흔,김어준,천인우,김이브,임한결,이혁진
2020-07-09 08:50:00,디프테리아,강성욱,에펠탑,진워렌버핏,우리 사랑했을까,제주청년농부,고은아,지나,이다지,미쓰리는 알고있다,광주고시학원,박지현,김강열,하트시그널,천인우 이가흔,김어준,이혁진,임한결,김이브,간 떨어지는 동거 드라마
2020-07-09 08:51:00,디프테리아,강성욱,에펠탑,진워렌버핏,제주청년농부,우리 사랑했을까,고은아,지나,이다지,미쓰리는 알고있다,박지현,하트시그널,김강열,천인우 이가흔,김어준,임한결,이혁진,김이브,간 떨어지는 동거 드라마,조우종의 fm대행진
2020-07-09 08:52:00,디프테리아,강성욱,에펠탑,진워렌버핏,제주청년농부,우리 사랑했을까,고은아,지나,이다지,미쓰리는 알고있다,박지현,천인우 이가흔,김강열,하트시그널,김어준,이혁진,임한결,김이브,간 떨어지는 동거 드라마,조우종의 fm대행진
2020-07-09 08:53:00,디프테리아,강성욱,에펠탑,진워렌버핏,제주청년농부,우리 사랑했을까,고은아,지나,이다지,미쓰리는 알고있다,광주고시학원,박지현,천인우 이가흔,김강열,하트시그널,김어준,이혁진,임한결,김이브,간 떨어지는 동거 드라마
2020-07-09 08:54:00,디프테리아,강성욱,에펠탑,진워렌버핏,제주청년농부,우리 사랑했을까,고은아,지나,이다지,미쓰리는 알고있다,광주고시학원,박지현,천인우 이가흔,하트시그널,김어준,이혁진,임한결,김이브,간 떨어지는 동거 드라마,조우종의 fm대행진
2020-07-09 08:55:00,디프테리아,강성욱,에펠탑,진워렌버핏,제주청년농부,우리 사랑했을까,고은아,지나,이다지,미쓰리는 알고있다,광주고시학원,천인우 이가흔,박지현,하트시그널,김강열,김어준,임한결,이혁진,김이브,간 떨어지는 동거 드라마
2020-07-09 08:56:00,디프테리아,강성욱,에펠탑,진워렌버핏,제주청년농부,우리 사랑했을까,고은아,지나,이다지,미쓰리는 알고있다,광주고시학원,천인우 이가흔,박지현,하트시그널,김어준,임한결,이혁진,김이브,간 떨어지는 동거 드라마,bj유신
2020-07-09 08:57:00,디프테리아,강성욱,에펠탑,진워렌버핏,제주청년농부,우리 사랑했을까,고은아,지나,이다지,미쓰리는 알고있다,광주고시학원,박지현,천인우 이가흔,하트시그널,김강열,김어준,임한결,이혁진,김이브,간 떨어지는 동거 드라마
2020-07-09 08:58:00,디프테리아,강성욱,에펠탑,진워렌버핏,우리 사랑했을까,제주청년농부,고은아,지나,이다지,미쓰리는 알고있다,광주고시학원,천인우 이가흔,박지현,하트시그널,김강열,이혁진,김어준,김이브,임한결,간 떨어지는 동거 드라마
2020-07-09 08:59:00,디프테리아,강성욱,에펠탑,진워렌버핏,우리 사랑했을까,제주청년농부,고은아,지나,이다지,미쓰리는 알고있다,광주고시학원,천인우 이가흔,박지현,이혁진,김이브,김어준,임한결,간 떨어지는 동거 드라마,bj유신,서민재
2020-07-09 09:00:00,디프테리아,강성욱,에펠탑,진워렌버핏,우리 사랑했을까,제주청년농부,고은아,지나,미쓰리는 알고있다,천인우 이가흔,광주고시학원,박지현,이다지,이혁진,김이브,김어준,임한결,간 떨어지는 동거 드라마,bj유신,서민재
2020-07-09 09:01:00,디프테리아,강성욱,에펠탑,진워렌버핏,제주청년농부,우리 사랑했을까,고은아,지나,미쓰리는 알고있다,천인우 이가흔,박지현,이혁진,김이브,김어준,임한결,간 떨어지는 동거 드라마,이다지,bj유신,서민재,최강욱
2020-07-09 09:02:00,디프테리아,강성욱,에펠탑,진워렌버핏,우리 사랑했을까,제주청년농부,고은아,지나,미쓰리는 알고있다,천인우 이가흔,박지현,이혁진,광주고시학원,김이브,임한결,김어준,간 떨어지는 동거 드라마,이다지,bj유신,서민재
2020-07-09 09:03:00,디프테리아,강성욱,에펠탑,진워렌버핏,우리 사랑했을까,제주청년농부,고은아,지나,미쓰리는 알고있다,천인우 이가흔,박지현,하트시그널,이혁진,김이브,임한결,간 떨어지는 동거 드라마,김어준,bj유신,서민재,이다지
2020-07-09 09:04:00,디프테리아,강성욱,에펠탑,진워렌버핏,우리 사랑했을까,제주청년농부,고은아,지나,미쓰리는 알고있다,천인우 이가흔,박지현,이혁진,김이브,임한결,간 떨어지는 동거 드라마,김어준,광주고시학원,bj유신,서민재,뽕숭아학당
2020-07-09 09:05:00,디프테리아,강성욱,에펠탑,진워렌버핏,우리 사랑했을까,제주청년농부,고은아,지나,미쓰리는 알고있다,천인우 이가흔,박지현,이가흔,이혁진,김이브,임한결,간 떨어지는 동거 드라마,김어준,bj유신,서민재,뽕숭아학당
2020-07-09 09:06:00,디프테리아,강성욱,에펠탑,진워렌버핏,우리 사랑했을까,제주청년농부,고은아,지나,미쓰리는 알고있다,천인우 이가흔,박지현,이가흔,하트시그널,이혁진,김이브,임한결,간 떨어지는 동거 드라마,김어준,bj유신,서민재
2020-07-09 09:07:00,디프테리아,강성욱,에펠탑,진워렌버핏,우리 사랑했을까,제주청년농부,고은아,지나,미쓰리는 알고있다,천인우 이가흔,박지현,이혁진,김이브,임한결,간 떨어지는 동거 드라마,김어준,bj유신,서민재,뽕숭아학당,이재명
2020-07-09 09:08:00,디프테리아,강성욱,에펠탑,진워렌버핏,우리 사랑했을까,제주청년농부,고은아,지나,미쓰리는 알고있다,천인우 이가흔,박지현,이혁진,김이브,간 떨어지는 동거 드라마,임한결,bj유신,서민재,김어준,뽕숭아학당,최강욱
2020-07-09 09:09:00,강성욱,에펠탑,진워렌버핏,우리 사랑했을까,제주청년농부,고은아,디프테리아,지나,미쓰리는 알고있다,천인우 이가흔,박지현,이혁진,김이브,간 떨어지는 동거 드라마,임한결,bj유신,서민재,김어준,최강욱,뽕숭아학당
2020-07-09 09:10:00,강성욱,에펠탑,진워렌버핏,우리 사랑했을까,제주청년농부,고은아,디프테리아,지나,미쓰리는 알고있다,천인우 이가흔,박지현,이혁진,김이브,임한결,간 떨어지는 동거 드라마,서민재,bj유신,김어준,최강욱,뽕숭아학당
2020-07-09 09:11:00,강성욱,에펠탑,진워렌버핏,우리 사랑했을까,제주청년농부,고은아,디프테리아,지나,미쓰리는 알고있다,천인우 이가흔,박지현,이혁진,김이브,임한결,간 떨어지는 동거 드라마,서민재,bj유신,김어준,최강욱,뽕숭아학당
2020-07-09 09:12:00,강성욱,에펠탑,진워렌버핏,우리 사랑했을까,제주청년농부,고은아,디프테리아,지나,미쓰리는 알고있다,천인우 이가흔,박지현,이혁진,김이브,임한결,간 떨어지는 동거 드라마,서민재,bj유신,김어준,최강욱,뽕숭아학당
2020-07-09 09:13:00,디프테리아,강성욱,에펠탑,진워렌버핏,우리 사랑했을까,제주청년농부,고은아,지나,미쓰리는 알고있다,천인우 이가흔,박지현,하트시그널,이혁진,김이브,임한결,간 떨어지는 동거 드라마,bj유신,서민재,김어준,최강욱
2020-07-09 09:14:00,디프테리아,강성욱,에펠탑,진워렌버핏,우리 사랑했을까,제주청년농부,고은아,지나,미쓰리는 알고있다,천인우 이가흔,박지현,하트시그널,이혁진,김이브,간 떨어지는 동거 드라마,임한결,bj유신,서민재,김어준,최강욱
2020-07-09 09:15:00,디프테리아,강성욱,에펠탑,진워렌버핏,우리 사랑했을까,제주청년농부,고은아,지나,미쓰리는 알고있다,천인우 이가흔,박지현,하트시그널,이혁진,김이브,임한결,간 떨어지는 동거 드라마,bj유신,서민재,김어준,최강욱
2020-07-09 09:16:00,디프테리아,강성욱,에펠탑,진워렌버핏,우리 사랑했을까,제주청년농부,고은아,지나,미쓰리는 알고있다,천인우 이가흔,박지현,이혁진,김이브,간 떨어지는 동거 드라마,임한결,bj유신,서민재,김어준,최강욱,뽕숭아학당
2020-07-09 09:17:00,디프테리아,강성욱,에펠탑,진워렌버핏,우리 사랑했을까,제주청년농부,고은아,지나,미쓰리는 알고있다,천인우 이가흔,김강열,하트시그널,이혁진,김이브,간 떨어지는 동거 드라마,임한결,bj유신,최강욱,김어준,서민재
2020-07-09 09:18:00,디프테리아,강성욱,에펠탑,진워렌버핏,우리 사랑했을까,제주청년농부,고은아,지나,미쓰리는 알고있다,천인우 이가흔,김강열,하트시그널,이혁진,김이브,간 떨어지는 동거 드라마,임한결,bj유신,최강욱,서민재,김어준
2020-07-09 09:19:00,디프테리아,강성욱,에펠탑,진워렌버핏,우리 사랑했을까,제주청년농부,고은아,지나,미쓰리는 알고있다,천인우 이가흔,김강열,이혁진,하트시그널,김이브,간 떨어지는 동거 드라마,bj유신,최강욱,임한결,서민재,김어준
2020-07-09 09:20:00,디프테리아,강성욱,에펠탑,진워렌버핏,우리 사랑했을까,제주청년농부,고은아,지나,미쓰리는 알고있다,천인우 이가흔,김강열,박지현,하트시그널,이혁진,김이브,간 떨어지는 동거 드라마,최강욱,임한결,bj유신,김어준
2020-07-09 09:21:00,강성욱,에펠탑,진워렌버핏,우리 사랑했을까,제주청년농부,고은아,디프테리아,지나,미쓰리는 알고있다,천인우 이가흔,김강열,박지현,하트시그널,이혁진,김이브,최강욱,간 떨어지는 동거 드라마,하트시그널 시즌3,독활,임한결
2020-07-09 09:22:00,강성욱,에펠탑,진워렌버핏,우리 사랑했을까,제주청년농부,고은아,디프테리아,지나,미쓰리는 알고있다,천인우 이가흔,김강열,박지현,하트시그널,이혁진,최강욱,간 떨어지는 동거 드라마,김이브,하트시그널 시즌3,bj유신,임한결
2020-07-09 09:23:00,강성욱,에펠탑,진워렌버핏,우리 사랑했을까,제주청년농부,고은아,디프테리아,지나,미쓰리는 알고있다,천인우 이가흔,김강열,박지현,하트시그널,최강욱,간 떨어지는 동거 드라마,김이브,임한결,bj유신,이재명,이혁진
2020-07-09 09:24:00,강성욱,에펠탑,진워렌버핏,우리 사랑했을까,고은아,제주청년농부,디프테리아,지나,미쓰리는 알고있다,이가흔,김강열,박지현,하트시그널,최강욱,간 떨어지는 동거 드라마,김이브,임한결,bj유신,이재명,서민재
2020-07-09 09:25:00,디프테리아,강성욱,에펠탑,진워렌버핏,우리 사랑했을까,고은아,지나,제주청년농부,미쓰리는 알고있다,이가흔,김강열,박지현,하트시그널,최강욱,간 떨어지는 동거 드라마,김이브,독활,임한결,bj유신,이재명
2020-07-09 09:26:00,디프테리아,강성욱,에펠탑,진워렌버핏,우리 사랑했을까,고은아,지나,미쓰리는 알고있다,천인우 이가흔,김강열,박지현,제주청년농부,하트시그널,최강욱,간 떨어지는 동거 드라마,김이브,독활,임한결,이재명,bj유신
2020-07-09 09:27:00,디프테리아,강성욱,에펠탑,진워렌버핏,우리 사랑했을까,고은아,지나,미쓰리는 알고있다,이가흔,김강열,박지현,최강욱,간 떨어지는 동거 드라마,김이브,이재명,임한결,서민재,bj유신,뽕숭아학당,김어준
2020-07-09 09:28:00,디프테리아,강성욱,진워렌버핏,에펠탑,우리 사랑했을까,고은아,지나,미쓰리는 알고있다,이가흔,박지현,김강열,하트시그널,최강욱,간 떨어지는 동거 드라마,김이브,이재명,임한결,서민재,bj유신,뽕숭아학당
2020-07-09 09:29:00,디프테리아,강성욱,진워렌버핏,우리 사랑했을까,고은아,에펠탑,지나,미쓰리는 알고있다,천인우 이가흔,박지현,김강열,최강욱,간 떨어지는 동거 드라마,김이브,서민재,이재명,at자격시험,임한결,bj유신,뽕숭아학당
2020-07-09 09:30:00,디프테리아,강성욱,진워렌버핏,우리 사랑했을까,고은아,지나,미쓰리는 알고있다,천인우 이가흔,에펠탑,박지현,김강열,하트시그널,최강욱,간 떨어지는 동거 드라마,김이브,서민재,at자격시험,이재명,임한결,bj유신
2020-07-09 09:31:00,디프테리아,강성욱,진워렌버핏,우리 사랑했을까,고은아,지나,미쓰리는 알고있다,천인우 이가흔,박지현,에펠탑,최강욱,간 떨어지는 동거 드라마,김이브,at자격시험,이재명,서민재,임한결,뽕숭아학당,bj유신,유신
2020-07-09 09:32:00,디프테리아,강성욱,진워렌버핏,우리 사랑했을까,고은아,지나,미쓰리는 알고있다,천인우 이가흔,박지현,최강욱,에펠탑,at자격시험,간 떨어지는 동거 드라마,김이브,이재명,서민재,임한결,뽕숭아학당,bj유신,유신
2020-07-09 09:33:00,디프테리아,강성욱,진워렌버핏,우리 사랑했을까,고은아,지나,미쓰리는 알고있다,천인우 이가흔,박지현,최강욱,에펠탑,at자격시험,간 떨어지는 동거 드라마,김이브,이재명,서민재,임한결,뽕숭아학당,bj유신,김어준
2020-07-09 09:34:00,디프테리아,강성욱,진워렌버핏,우리 사랑했을까,고은아,지나,미쓰리는 알고있다,이가흔,박지현,최강욱,at자격시험,간 떨어지는 동거 드라마,에펠탑,김이브,이재명,서민재,임한결,뽕숭아학당,bj유신,김어준
2020-07-09 09:35:00,디프테리아,강성욱,진워렌버핏,우리 사랑했을까,고은아,지나,미쓰리는 알고있다,이가흔,박지현,최강욱,at자격시험,독활,간 떨어지는 동거 드라마,에펠탑,이재명,김이브,서민재,임한결,뽕숭아학당,김어준
2020-07-09 09:36:00,디프테리아,강성욱,진워렌버핏,우리 사랑했을까,고은아,지나,미쓰리는 알고있다,이가흔,박지현,최강욱,at자격시험,독활,간 떨어지는 동거 드라마,에펠탑,이재명,김이브,서민재,뽕숭아학당,임한결,김어준
2020-07-09 09:37:00,강성욱,진워렌버핏,우리 사랑했을까,고은아,지나,미쓰리는 알고있다,이가흔,박지현,최강욱,at자격시험,하트시그널,간 떨어지는 동거 드라마,이재명,에펠탑,서민재,김이브,뽕숭아학당,김어준,유신,bj유신
2020-07-09 09:38:00,강성욱,진워렌버핏,우리 사랑했을까,고은아,지나,미쓰리는 알고있다,이가흔,박지현,at자격시험,최강욱,간 떨어지는 동거 드라마,독활,이재명,에펠탑,서민재,김이브,뽕숭아학당,일진다이아,김어준,유신
2020-07-09 09:39:00,강성욱,진워렌버핏,우리 사랑했을까,고은아,지나,미쓰리는 알고있다,천인우 이가흔,박지현,최강욱,at자격시험,간 떨어지는 동거 드라마,에펠탑,서민재,김이브,일진다이아,뽕숭아학당,임한결,김어준,은수미,셀트리온제약
2020-07-09 09:40:00,강성욱,진워렌버핏,우리 사랑했을까,고은아,지나,미쓰리는 알고있다,이가흔,박지현,at자격시험,최강욱,동국S&C,간 떨어지는 동거 드라마,에펠탑,서민재,은수미,김이브,일진다이아,뽕숭아학당,셀트리온제약,임한결
2020-07-09 09:41:00,디프테리아,강성욱,진워렌버핏,우리 사랑했을까,고은아,미쓰리는 알고있다,지나,이가흔,at자격시험,박지현,최강욱,간 떨어지는 동거 드라마,셀트리온제약,에펠탑,서민재,은수미,일진다이아,뽕숭아학당,김이브,임한결
2020-07-09 09:42:00,디프테리아,강성욱,진워렌버핏,우리 사랑했을까,고은아,미쓰리는 알고있다,지나,이가흔,at자격시험,동국S&C,박지현,최강욱,셀트리온제약,간 떨어지는 동거 드라마,은수미,서민재,일진다이아,에펠탑,뽕숭아학당,김이브
2020-07-09 09:43:00,디프테리아,강성욱,진워렌버핏,우리 사랑했을까,고은아,미쓰리는 알고있다,지나,이가흔,at자격시험,박지현,최강욱,셀트리온제약,간 떨어지는 동거 드라마,일진다이아,은수미,서민재,뽕숭아학당,에펠탑,임한결,김이브
2020-07-09 09:44:00,강성욱,진워렌버핏,우리 사랑했을까,고은아,미쓰리는 알고있다,지나,이가흔,at자격시험,셀트리온제약,최강욱,박지현,독활,간 떨어지는 동거 드라마,은수미,서민재,뽕숭아학당,임한결,에펠탑,김이브,김어준
2020-07-09 09:45:00,강성욱,디프테리아,진워렌버핏,우리 사랑했을까,고은아,미쓰리는 알고있다,지나,이가흔,셀트리온제약,at자격시험,최강욱,박지현,은수미,간 떨어지는 동거 드라마,서민재,뽕숭아학당,임한결,에펠탑,김이브,김어준
2020-07-09 09:46:00,강성욱,디프테리아,진워렌버핏,우리 사랑했을까,고은아,미쓰리는 알고있다,지나,이가흔,셀트리온제약,at자격시험,박지현,최강욱,일진다이아,은수미,간 떨어지는 동거 드라마,서민재,임한결,뽕숭아학당,에펠탑,김이브
2020-07-09 09:47:00,강성욱,진워렌버핏,디프테리아,우리 사랑했을까,고은아,미쓰리는 알고있다,지나,이가흔,셀트리온제약,동국S&C,at자격시험,박지현,최강욱,은수미,간 떨어지는 동거 드라마,서민재,임한결,뽕숭아학당,에펠탑,김이브
2020-07-09 09:48:00,강성욱,진워렌버핏,디프테리아,우리 사랑했을까,고은아,미쓰리는 알고있다,지나,셀트리온제약,이가흔,동국S&C,at자격시험,박지현,최강욱,은수미,간 떨어지는 동거 드라마,서민재,뽕숭아학당,임한결,에펠탑,김이브
2020-07-09 09:49:00,강성욱,진워렌버핏,디프테리아,우리 사랑했을까,고은아,미쓰리는 알고있다,지나,셀트리온제약,이가흔,천인우,at자격시험,최강욱,박지현,일진다이아,은수미,간 떨어지는 동거 드라마,서민재,뽕숭아학당,김어준,임한결
2020-07-09 09:50:00,강성욱,진워렌버핏,우리 사랑했을까,디프테리아,고은아,미쓰리는 알고있다,지나,셀트리온제약,이가흔,동국S&C,at자격시험,최강욱,박지현,은수미,간 떨어지는 동거 드라마,서민재,임한결,뽕숭아학당,김어준,김이브
2020-07-09 09:51:00,강성욱,진워렌버핏,우리 사랑했을까,고은아,미쓰리는 알고있다,지나,셀트리온제약,이가흔,at자격시험,최강욱,박지현,은수미,간 떨어지는 동거 드라마,서민재,뽕숭아학당,임한결,김이브,김어준,프린세스 다이어리,간 떨어지는 동거
2020-07-09 09:52:00,강성욱,진워렌버핏,우리 사랑했을까,고은아,디프테리아,미쓰리는 알고있다,지나,셀트리온제약,이가흔,at자격시험,최강욱,박지현,은수미,간 떨어지는 동거 드라마,서민재,뽕숭아학당,임한결,김어준,김이브,oci
2020-07-09 09:53:00,강성욱,진워렌버핏,우리 사랑했을까,고은아,미쓰리는 알고있다,지나,셀트리온제약,이가흔,at자격시험,최강욱,박지현,일진다이아,은수미,간 떨어지는 동거 드라마,서민재,뽕숭아학당,임한결,김어준,김이브,oci
2020-07-09 09:54:00,강성욱,진워렌버핏,우리 사랑했을까,고은아,미쓰리는 알고있다,지나,셀트리온제약,이가흔,at자격시험,최강욱,박지현,은수미,서민재,간 떨어지는 동거 드라마,임한결,뽕숭아학당,김어준,김이브,oci,셀트리온
2020-07-09 09:55:00,강성욱,진워렌버핏,우리 사랑했을까,고은아,디프테리아,미쓰리는 알고있다,셀트리온제약,지나,이가흔,at자격시험,최강욱,박지현,일진다이아,은수미,서민재,간 떨어지는 동거 드라마,임한결,뽕숭아학당,김어준,김이브
2020-07-09 09:56:00,강성욱,진워렌버핏,우리 사랑했을까,고은아,디프테리아,미쓰리는 알고있다,셀트리온제약,지나,이가흔,at자격시험,최강욱,박지현,은수미,서민재,간 떨어지는 동거 드라마,oci,임한결,뽕숭아학당,김이브,김어준
2020-07-09 09:57:00,강성욱,진워렌버핏,우리 사랑했을까,고은아,미쓰리는 알고있다,지나,동국S&C,이가흔,at자격시험,최강욱,은수미,박지현,서민재,간 떨어지는 동거 드라마,oci,임한결,뽕숭아학당,김이브,김어준,셀트리온
2020-07-09 09:58:00,강성욱,진워렌버핏,우리 사랑했을까,고은아,미쓰리는 알고있다,지나,동국S&C,이가흔,at자격시험,최강욱,은수미,김강열,박지현,서민재,간 떨어지는 동거 드라마,oci,임한결,뽕숭아학당,김어준,김이브
2020-07-09 09:59:00,강성욱,진워렌버핏,우리 사랑했을까,고은아,미쓰리는 알고있다,셀트리온제약,지나,동국S&C,이가흔,at자격시험,최강욱,은수미,일진다이아,김강열,서민재,oci,간 떨어지는 동거 드라마,임한결,뽕숭아학당,김어준
2020-07-09 10:00:00,강성욱,진워렌버핏,우리 사랑했을까,고은아,미쓰리는 알고있다,셀트리온제약,지나,동국S&C,최강욱,at자격시험,이가흔,은수미,일진다이아,박지현,oci,서민재,간 떨어지는 동거 드라마,임한결,김이브,뽕숭아학당
2020-07-09 10:01:00,강성욱,진워렌버핏,우리 사랑했을까,고은아,디프테리아,미쓰리는 알고있다,셀트리온제약,지나,동국S&C,최강욱,at자격시험,이가흔,은수미,일진다이아,박지현,oci,서민재,간 떨어지는 동거 드라마,뽕숭아학당,김어준
2020-07-09 10:02:00,강성욱,진워렌버핏,우리 사랑했을까,고은아,디프테리아,미쓰리는 알고있다,셀트리온제약,지나,동국S&C,at자격시험,최강욱,이가흔,은수미,박지현,oci,서민재,간 떨어지는 동거 드라마,뽕숭아학당,김어준,김이브
2020-07-09 10:03:00,강성욱,진워렌버핏,우리 사랑했을까,고은아,디프테리아,미쓰리는 알고있다,셀트리온제약,지나,at자격시험,최강욱,이가흔,은수미,일진다이아,박지현,oci,서민재,간 떨어지는 동거 드라마,김어준,뽕숭아학당,임한결
2020-07-09 10:04:00,강성욱,진워렌버핏,우리 사랑했을까,고은아,미쓰리는 알고있다,셀트리온제약,지나,at자격시험,최강욱,이가흔,은수미,일진다이아,박지현,oci,서민재,간 떨어지는 동거 드라마,임한결,김어준,뽕숭아학당,김이브
2020-07-09 10:05:00,강성욱,진워렌버핏,우리 사랑했을까,고은아,디프테리아,미쓰리는 알고있다,셀트리온제약,지나,at자격시험,최강욱,이가흔,은수미,박지현,oci,서민재,간 떨어지는 동거 드라마,김어준,임한결,뽕숭아학당,김이브
2020-07-09 10:06:00,강성욱,진워렌버핏,우리 사랑했을까,고은아,미쓰리는 알고있다,셀트리온제약,동국S&C,지나,at자격시험,최강욱,이가흔,일진다이아,은수미,박지현,oci,서민재,간 떨어지는 동거 드라마,김어준,뽕숭아학당,임한결
2020-07-09 10:07:00,강성욱,진워렌버핏,우리 사랑했을까,고은아,미쓰리는 알고있다,셀트리온제약,동국S&C,지나,at자격시험,최강욱,이가흔,일진다이아,은수미,박지현,oci,서민재,간 떨어지는 동거 드라마,김어준,뽕숭아학당,임한결
2020-07-09 10:08:00,강성욱,진워렌버핏,우리 사랑했을까,고은아,셀트리온제약,미쓰리는 알고있다,동국S&C,지나,at자격시험,최강욱,이가흔,일진다이아,은수미,박지현,서민재,간 떨어지는 동거 드라마,김어준,임한결,뽕숭아학당,김이브
2020-07-09 10:09:00,강성욱,진워렌버핏,우리 사랑했을까,고은아,셀트리온제약,미쓰리는 알고있다,지나,at자격시험,최강욱,이가흔,은수미,박지현,oci,서민재,김어준,간 떨어지는 동거 드라마,임한결,뽕숭아학당,김이브,셀트리온
2020-07-09 10:10:00,강성욱,진워렌버핏,고은아,우리 사랑했을까,미쓰리는 알고있다,셀트리온제약,지나,at자격시험,최강욱,이가흔,일진다이아,은수미,oci,박지현,서민재,김어준,간 떨어지는 동거 드라마,김이브,뽕숭아학당,임한결
2020-07-09 10:11:00,강성욱,진워렌버핏,고은아,우리 사랑했을까,미쓰리는 알고있다,셀트리온제약,지나,at자격시험,최강욱,이가흔,은수미,oci,박지현,서민재,김어준,간 떨어지는 동거 드라마,김이브,뽕숭아학당,임한결,프린세스 다이어리
2020-07-09 10:12:00,강성욱,진워렌버핏,고은아,우리 사랑했을까,미쓰리는 알고있다,셀트리온제약,동국S&C,지나,at자격시험,최강욱,이가흔,은수미,박지현,서민재,김어준,간 떨어지는 동거 드라마,김이브,임한결,뽕숭아학당,프린세스 다이어리
2020-07-09 10:13:00,강성욱,진워렌버핏,고은아,우리 사랑했을까,미쓰리는 알고있다,셀트리온제약,지나,at자격시험,최강욱,이가흔,은수미,박지현,서민재,간 떨어지는 동거 드라마,김어준,김이브,임한결,뽕숭아학당,셀트리온,프린세스 다이어리
2020-07-09 10:14:00,진워렌버핏,강성욱,고은아,우리 사랑했을까,미쓰리는 알고있다,셀트리온제약,지나,at자격시험,최강욱,이가흔,일진다이아,은수미,oci,박지현,서민재,김어준,간 떨어지는 동거 드라마,김이브,임한결,뽕숭아학당
2020-07-09 10:15:00,진워렌버핏,강성욱,우리 사랑했을까,고은아,미쓰리는 알고있다,셀트리온제약,동국S&C,지나,at자격시험,최강욱,이가흔,은수미,oci,박지현,에이텍,서민재,김어준,간 떨어지는 동거 드라마,김이브,임한결
2020-07-09 10:16:00,진워렌버핏,강성욱,우리 사랑했을까,고은아,미쓰리는 알고있다,동국S&C,지나,최강욱,at자격시험,이가흔,일진다이아,은수미,oci,박지현,서민재,김어준,간 떨어지는 동거 드라마,카카오 주가,김이브,뽕숭아학당
2020-07-09 10:17:00,진워렌버핏,강성욱,디프테리아,우리 사랑했을까,고은아,미쓰리는 알고있다,셀트리온제약,지나,최강욱,at자격시험,이가흔,은수미,oci,박지현,서민재,김어준,간 떨어지는 동거 드라마,카카오 주가,임한결,김이브
2020-07-09 10:18:00,진워렌버핏,강성욱,디프테리아,우리 사랑했을까,고은아,미쓰리는 알고있다,셀트리온제약,지나,최강욱,at자격시험,이가흔,은수미,일진다이아,박지현,서민재,김어준,간 떨어지는 동거 드라마,김이브,임한결,뽕숭아학당
2020-07-09 10:19:00,진워렌버핏,디프테리아,강성욱,우리 사랑했을까,고은아,셀트리온제약,미쓰리는 알고있다,지나,최강욱,은수미,at자격시험,이가흔,oci,박지현,에이텍,서민재,김어준,간 떨어지는 동거 드라마,김이브,임한결
2020-07-09 10:20:00,진워렌버핏,디프테리아,강성욱,우리 사랑했을까,고은아,셀트리온제약,미쓰리는 알고있다,지나,최강욱,은수미,이가흔,at자격시험,일진다이아,oci,박지현,에이텍,김어준,서민재,간 떨어지는 동거 드라마,김이브
2020-07-09 10:21:00,진워렌버핏,강성욱,우리 사랑했을까,고은아,미쓰리는 알고있다,셀트리온제약,동국S&C,지나,최강욱,은수미,일진다이아,at자격시험,이가흔,oci,박지현,김어준,서민재,에이텍,간 떨어지는 동거 드라마,프린세스 다이어리
2020-07-09 10:22:00,진워렌버핏,강성욱,우리 사랑했을까,고은아,미쓰리는 알고있다,셀트리온제약,지나,은수미,최강욱,일진다이아,at자격시험,이가흔,oci,박지현,만시지탄,김어준,서민재,에이텍,프린세스 다이어리,간 떨어지는 동거 드라마
2020-07-09 10:23:00,디프테리아,진워렌버핏,강성욱,우리 사랑했을까,고은아,미쓰리는 알고있다,셀트리온제약,지나,은수미,최강욱,이가흔,at자격시험,oci,만시지탄,박지현,김어준,서민재,에이텍,프린세스 다이어리,간 떨어지는 동거 드라마
2020-07-09 10:24:00,디프테리아,진워렌버핏,강성욱,우리 사랑했을까,고은아,미쓰리는 알고있다,셀트리온제약,지나,동국S&C,은수미,최강욱,일진다이아,만시지탄,이가흔,at자격시험,박지현,김어준,에이텍,서민재,프린세스 다이어리
2020-07-09 10:25:00,디프테리아,진워렌버핏,강성욱,우리 사랑했을까,고은아,미쓰리는 알고있다,셀트리온제약,지나,은수미,만시지탄,최강욱,일진다이아,이가흔,at자격시험,박지현,김어준,서민재,프린세스 다이어리,간 떨어지는 동거 드라마,김이브
2020-07-09 10:26:00,디프테리아,진워렌버핏,강성욱,우리 사랑했을까,고은아,미쓰리는 알고있다,셀트리온제약,지나,만시지탄,은수미,최강욱,일진다이아,이가흔,oci,at자격시험,박지현,김어준,서민재,프린세스 다이어리,간 떨어지는 동거 드라마
2020-07-09 10:27:00,디프테리아,진워렌버핏,강성욱,우리 사랑했을까,고은아,미쓰리는 알고있다,셀트리온제약,만시지탄,지나,은수미,최강욱,이가흔,at자격시험,박지현,김어준,서민재,프린세스 다이어리,간 떨어지는 동거 드라마,김이브,임한결
2020-07-09 10:28:00,디프테리아,진워렌버핏,강성욱,우리 사랑했을까,고은아,미쓰리는 알고있다,셀트리온제약,만시지탄,지나,은수미,최강욱,이가흔,oci,at자격시험,일진다이아,박지현,김어준,서민재,에이텍,프린세스 다이어리
2020-07-09 10:29:00,디프테리아,진워렌버핏,강성욱,우리 사랑했을까,고은아,만시지탄,미쓰리는 알고있다,셀트리온제약,지나,은수미,최강욱,이가흔,oci,at자격시험,박지현,김어준,서민재,에이텍,프린세스 다이어리,간 떨어지는 동거 드라마
2020-07-09 10:30:00,디프테리아,진워렌버핏,강성욱,우리 사랑했을까,고은아,만시지탄,미쓰리는 알고있다,셀트리온제약,은수미,지나,동국S&C,최강욱,이가흔,at자격시험,박지현,김어준,서민재,에이텍,프린세스 다이어리,간 떨어지는 동거 드라마
2020-07-09 10:31:00,디프테리아,진워렌버핏,강성욱,우리 사랑했을까,고은아,만시지탄,미쓰리는 알고있다,셀트리온제약,은수미,지나,동국S&C,최강욱,oci,이가흔,at자격시험,김어준,박지현,일진다이아,서민재,에이텍
2020-07-09 10:32:00,디프테리아,진워렌버핏,강성욱,우리 사랑했을까,고은아,만시지탄,미쓰리는 알고있다,셀트리온제약,은수미,지나,최강욱,oci,이가흔,at자격시험,김어준,박지현,서민재,에이텍,간 떨어지는 동거 드라마,프린세스 다이어리
2020-07-09 10:33:00,디프테리아,진워렌버핏,강성욱,우리 사랑했을까,고은아,만시지탄,미쓰리는 알고있다,셀트리온제약,은수미,지나,최강욱,oci,이가흔,at자격시험,김어준,박지현,서민재,간 떨어지는 동거 드라마,에이텍,프린세스 다이어리
2020-07-09 10:34:00,디프테리아,진워렌버핏,강성욱,우리 사랑했을까,고은아,만시지탄,미쓰리는 알고있다,셀트리온제약,은수미,지나,동국S&C,최강욱,oci,이가흔,김어준,at자격시험,천인우,박지현,서민재,간 떨어지는 동거 드라마
2020-07-09 10:35:00,디프테리아,진워렌버핏,강성욱,우리 사랑했을까,만시지탄,고은아,미쓰리는 알고있다,은수미,셀트리온제약,지나,부겐빌레아,최강욱,oci,이가흔,김어준,at자격시험,박지현,서민재,간 떨어지는 동거 드라마,프린세스 다이어리
2020-07-09 10:36:00,디프테리아,진워렌버핏,강성욱,우리 사랑했을까,만시지탄,고은아,미쓰리는 알고있다,은수미,셀트리온제약,지나,부겐빌레아,최강욱,oci,이가흔,김어준,at자격시험,박지현,서민재,간 떨어지는 동거 드라마,프린세스 다이어리
2020-07-09 10:37:00,디프테리아,진워렌버핏,강성욱,우리 사랑했을까,만시지탄,고은아,미쓰리는 알고있다,은수미,지나,셀트리온제약,부겐빌레아,최강욱,이가흔,김어준,at자격시험,박지현,서민재,김이브,프린세스 다이어리,간 떨어지는 동거 드라마
2020-07-09 10:38:00,디프테리아,진워렌버핏,우리 사랑했을까,강성욱,만시지탄,고은아,미쓰리는 알고있다,은수미,지나,셀트리온제약,부겐빌레아,최강욱,oci,이가흔,김어준,at자격시험,박지현,서민재,김이브,프린세스 다이어리
2020-07-09 10:39:00,만시지탄,우리 사랑했을까,디프테리아,진워렌버핏,강성욱,고은아,미쓰리는 알고있다,지나,은수미,셀트리온제약,동국S&C,최강욱,oci,김어준,이가흔,at자격시험,박지현,서민재,김이브,프린세스 다이어리
2020-07-09 10:40:00,만시지탄,우리 사랑했을까,디프테리아,진워렌버핏,강성욱,고은아,미쓰리는 알고있다,지나,은수미,셀트리온제약,동국S&C,최강욱,oci,김어준,천인우 이가흔,박지현,at자격시험,서민재,김이브,에이텍
2020-07-09 10:41:00,만시지탄,진워렌버핏,디프테리아,강성욱,우리 사랑했을까,고은아,미쓰리는 알고있다,지나,은수미,동국S&C,셀트리온제약,최강욱,김어준,oci,천인우 이가흔,at자격시험,박지현,서민재,김이브,일진다이아
2020-07-09 10:42:00,만시지탄,진워렌버핏,디프테리아,강성욱,우리 사랑했을까,고은아,미쓰리는 알고있다,은수미,지나,최강욱,셀트리온제약,김어준,oci,천인우 이가흔,at자격시험,박지현,서민재,김이브,에이텍,간 떨어지는 동거 드라마
2020-07-09 10:43:00,만시지탄,진워렌버핏,강성욱,디프테리아,우리 사랑했을까,고은아,미쓰리는 알고있다,은수미,지나,최강욱,셀트리온제약,김어준,천인우 이가흔,박지현,at자격시험,서민재,김이브,에이텍,간 떨어지는 동거 드라마,박재옥
2020-07-09 10:44:00,만시지탄,진워렌버핏,우리 사랑했을까,강성욱,디프테리아,고은아,미쓰리는 알고있다,은수미,지나,최강욱,셀트리온제약,김어준,천인우 이가흔,박지현,at자격시험,서민재,김이브,간 떨어지는 동거 드라마,박재옥,프린세스 다이어리
2020-07-09 10:45:00,만시지탄,우리 사랑했을까,진워렌버핏,강성욱,디프테리아,고은아,미쓰리는 알고있다,은수미,지나,최강욱,김어준,셀트리온제약,천인우 이가흔,oci,박지현,at자격시험,서민재,김이브,간 떨어지는 동거 드라마,에이텍
2020-07-09 10:46:00,만시지탄,우리 사랑했을까,진워렌버핏,강성욱,디프테리아,고은아,미쓰리는 알고있다,은수미,지나,최강욱,김어준,천인우 이가흔,셀트리온제약,박지현,at자격시험,서민재,김이브,간 떨어지는 동거 드라마,박재옥,에이텍
2020-07-09 10:47:00,만시지탄,우리 사랑했을까,강성욱,진워렌버핏,디프테리아,고은아,미쓰리는 알고있다,은수미,지나,최강욱,김어준,천인우 이가흔,셀트리온제약,박지현,at자격시험,서민재,김이브,간 떨어지는 동거 드라마,박재옥,일진다이아
2020-07-09 10:48:00,만시지탄,우리 사랑했을까,강성욱,진워렌버핏,고은아,디프테리아,은수미,미쓰리는 알고있다,지나,최강욱,김어준,천인우 이가흔,셀트리온제약,박지현,at자격시험,김이브,서민재,간 떨어지는 동거 드라마,박재옥,김부겸
2020-07-09 10:49:00,만시지탄,우리 사랑했을까,강성욱,진워렌버핏,고은아,디프테리아,은수미,미쓰리는 알고있다,지나,동국S&C,최강욱,김어준,천인우 이가흔,셀트리온제약,박지현,at자격시험,천인우,김이브,김부겸,서민재
2020-07-09 10:50:00,만시지탄,우리 사랑했을까,강성욱,진워렌버핏,고은아,디프테리아,은수미,미쓰리는 알고있다,지나,동국S&C,김어준,최강욱,천인우 이가흔,김부겸,셀트리온제약,박지현,at자격시험,김이브,서민재,프린세스 다이어리
2020-07-09 10:51:00,만시지탄,우리 사랑했을까,강성욱,고은아,진워렌버핏,디프테리아,은수미,미쓰리는 알고있다,지나,김어준,최강욱,김부겸,천인우 이가흔,at자격시험,박지현,셀트리온제약,김이브,서민재,프린세스 다이어리,간 떨어지는 동거 드라마
2020-07-09 10:52:00,만시지탄,우리 사랑했을까,강성욱,고은아,진워렌버핏,디프테리아,은수미,미쓰리는 알고있다,지나,김부겸,김어준,최강욱,천인우 이가흔,at자격시험,박지현,셀트리온제약,김이브,서민재,동양물산,프린세스 다이어리
2020-07-09 10:53:00,만시지탄,우리 사랑했을까,강성욱,고은아,진워렌버핏,은수미,미쓰리는 알고있다,지나,김부겸,김어준,최강욱,천인우 이가흔,박지현,at자격시험,셀트리온제약,이가흔,김이브,서민재,동양물산,간 떨어지는 동거 드라마
2020-07-09 10:54:00,만시지탄,우리 사랑했을까,강성욱,고은아,진워렌버핏,은수미,미쓰리는 알고있다,지나,김부겸,김어준,최강욱,천인우 이가흔,박지현,at자격시험,셀트리온제약,이가흔,김이브,서민재,동양물산,간 떨어지는 동거 드라마
2020-07-09 10:55:00,만시지탄,우리 사랑했을까,강성욱,고은아,진워렌버핏,은수미,디프테리아,미쓰리는 알고있다,지나,김부겸,김어준,천인우 이가흔,최강욱,박지현,at자격시험,셀트리온제약,빅터한,김이브,서민재,동양물산
2020-07-09 10:56:00,만시지탄,우리 사랑했을까,은수미,강성욱,고은아,진워렌버핏,미쓰리는 알고있다,지나,김부겸,김어준,빅터한,천인우 이가흔,최강욱,박지현,at자격시험,셀트리온제약,김이브,서민재,동양물산,박재옥
2020-07-09 10:57:00,만시지탄,우리 사랑했을까,은수미,강성욱,고은아,진워렌버핏,미쓰리는 알고있다,지나,김부겸,빅터한,김어준,천인우 이가흔,최강욱,박지현,at자격시험,김이브,서민재,동양물산,박재옥,간 떨어지는 동거 드라마
2020-07-09 10:58:00,만시지탄,우리 사랑했을까,은수미,강성욱,고은아,진워렌버핏,미쓰리는 알고있다,지나,김부겸,빅터한,김어준,천인우 이가흔,최강욱,박지현,at자격시험,김이브,서민재,동양물산,박재옥,간 떨어지는 동거 드라마
2020-07-09 10:59:00,만시지탄,은수미,우리 사랑했을까,강성욱,고은아,진워렌버핏,디프테리아,미쓰리는 알고있다,지나,김부겸,빅터한,김어준,천인우 이가흔,최강욱,박지현,김이브,at자격시험,서민재,동양물산,박재옥
2020-07-09 11:00:00,만시지탄,은수미,우리 사랑했을까,고은아,강성욱,진워렌버핏,디프테리아,미쓰리는 알고있다,지나,김부겸,빅터한,김어준,천인우 이가흔,최강욱,박지현,김이브,at자격시험,서민재,동양물산,박재옥
2020-07-09 11:01:00,만시지탄,은수미,우리 사랑했을까,고은아,강성욱,진워렌버핏,디프테리아,미쓰리는 알고있다,지나,김부겸,빅터한,김어준,천인우 이가흔,박지현,김이브,at자격시험,최강욱,서민재,동양물산,셀트리온제약
2020-07-09 11:02:00,만시지탄,은수미,우리 사랑했을까,고은아,강성욱,진워렌버핏,디프테리아,미쓰리는 알고있다,지나,김부겸,빅터한,김어준,천인우 이가흔,박지현,김이브,at자격시험,최강욱,동양물산,서민재,박재옥
2020-07-09 11:03:00,만시지탄,은수미,우리 사랑했을까,고은아,강성욱,진워렌버핏,디프테리아,미쓰리는 알고있다,지나,김부겸,빅터한,김어준,천인우 이가흔,박지현,김이브,at자격시험,최강욱,동양물산,서민재,셀트리온제약
2020-07-09 11:04:00,만시지탄,은수미,고은아,우리 사랑했을까,강성욱,진워렌버핏,디프테리아,미쓰리는 알고있다,지나,김부겸,빅터한,김어준,천인우 이가흔,김이브,박지현,at자격시험,최강욱,동양물산,서민재,셀트리온제약
2020-07-09 11:05:00,만시지탄,은수미,고은아,우리 사랑했을까,강성욱,진워렌버핏,디프테리아,미쓰리는 알고있다,지나,김부겸,빅터한,김어준,천인우 이가흔,at자격시험,김이브,박지현,최강욱,동양물산,서민재,셀트리온제약
2020-07-09 11:06:00,만시지탄,은수미,고은아,우리 사랑했을까,강성욱,진워렌버핏,미쓰리는 알고있다,디프테리아,지나,김부겸,빅터한,김어준,천인우 이가흔,at자격시험,김이브,박지현,최강욱,동양물산,서민재,박재옥
2020-07-09 11:07:00,만시지탄,은수미,고은아,우리 사랑했을까,강성욱,진워렌버핏,미쓰리는 알고있다,디프테리아,지나,김부겸,빅터한,김어준,천인우 이가흔,at자격시험,박지현,김이브,최강욱,동양물산,서민재,박재옥
2020-07-09 11:08:00,만시지탄,은수미,우리 사랑했을까,고은아,강성욱,진워렌버핏,미쓰리는 알고있다,지나,김부겸,빅터한,김어준,천인우 이가흔,at자격시험,박지현,김이브,최강욱,동양물산,서민재,박재옥,김정수
2020-07-09 11:09:00,만시지탄,은수미,우리 사랑했을까,고은아,강성욱,진워렌버핏,미쓰리는 알고있다,지나,김부겸,빅터한,김어준,천인우 이가흔,at자격시험,박지현,김이브,최강욱,천인우,동양물산,서민재,박재옥
2020-07-09 11:10:00,만시지탄,은수미,우리 사랑했을까,고은아,강성욱,진워렌버핏,미쓰리는 알고있다,디프테리아,지나,빅터한,김부겸,김어준,천인우 이가흔,at자격시험,박지현,김이브,최강욱,김강열,동양물산,서민재
2020-07-09 11:11:00,만시지탄,은수미,우리 사랑했을까,고은아,강성욱,진워렌버핏,미쓰리는 알고있다,디프테리아,빅터한,지나,김부겸,김어준,천인우 이가흔,박지현,at자격시험,김이브,최강욱,서민재,동양물산,박재옥
2020-07-09 11:12:00,만시지탄,은수미,고은아,우리 사랑했을까,강성욱,진워렌버핏,미쓰리는 알고있다,디프테리아,빅터한,지나,김부겸,김어준,천인우 이가흔,at자격시험,김이브,박지현,최강욱,서민재,동양물산,박재옥
2020-07-09 11:13:00,만시지탄,은수미,고은아,우리 사랑했을까,강성욱,진워렌버핏,미쓰리는 알고있다,빅터한,디프테리아,지나,김부겸,김어준,천인우 이가흔,at자격시험,김이브,박지현,김강열,최강욱,천인우,서민재
2020-07-09 11:14:00,만시지탄,은수미,고은아,우리 사랑했을까,강성욱,진워렌버핏,미쓰리는 알고있다,빅터한,디프테리아,지나,김부겸,김어준,천인우 이가흔,at자격시험,김이브,박지현,김강열,최강욱,천인우,서민재
2020-07-09 11:15:00,만시지탄,은수미,고은아,우리 사랑했을까,강성욱,진워렌버핏,미쓰리는 알고있다,빅터한,지나,김부겸,김어준,천인우 이가흔,at자격시험,김이브,박지현,최강욱,천인우,서민재,박재옥,동양물산
2020-07-09 11:16:00,만시지탄,은수미,고은아,우리 사랑했을까,강성욱,진워렌버핏,미쓰리는 알고있다,빅터한,지나,김부겸,김어준,천인우 이가흔,at자격시험,김이브,박지현,천인우,최강욱,서민재,박재옥,김정수
2020-07-09 11:17:00,만시지탄,은수미,고은아,우리 사랑했을까,강성욱,진워렌버핏,미쓰리는 알고있다,빅터한,지나,김부겸,김어준,천인우 이가흔,at자격시험,김이브,박지현,천인우,김강열,최강욱,서민재,박재옥
2020-07-09 11:18:00,만시지탄,은수미,고은아,우리 사랑했을까,강성욱,진워렌버핏,미쓰리는 알고있다,빅터한,지나,김부겸,김어준,천인우 이가흔,김이브,at자격시험,박지현,김강열,서민재,최강욱,탁재훈 아버지,김정수
2020-07-09 11:19:00,만시지탄,은수미,고은아,우리 사랑했을까,강성욱,진워렌버핏,미쓰리는 알고있다,빅터한,디프테리아,지나,김부겸,김어준,천인우 이가흔,김이브,at자격시험,박지현,천인우,서민재,최강욱,탁재훈 아버지
2020-07-09 11:20:00,만시지탄,은수미,고은아,우리 사랑했을까,강성욱,진워렌버핏,미쓰리는 알고있다,빅터한,디프테리아,지나,김부겸,김어준,천인우 이가흔,김이브,at자격시험,박지현,천인우,김강열,서민재,최강욱
2020-07-09 11:21:00,만시지탄,은수미,고은아,우리 사랑했을까,강성욱,진워렌버핏,미쓰리는 알고있다,빅터한,디프테리아,지나,김부겸,김어준,천인우 이가흔,김이브,박지현,at자격시험,최강욱,천인우,서민재,김정수
2020-07-09 11:22:00,만시지탄,은수미,고은아,우리 사랑했을까,강성욱,진워렌버핏,미쓰리는 알고있다,빅터한,디프테리아,지나,김부겸,김어준,천인우 이가흔,at자격시험,김이브,박지현,최강욱,서민재,천인우,김정수
2020-07-09 11:23:00,만시지탄,은수미,고은아,우리 사랑했을까,강성욱,미쓰리는 알고있다,진워렌버핏,빅터한,지나,김부겸,김어준,천인우 이가흔,at자격시험,김이브,박지현,서민재,최강욱,천인우,김정수,미르
2020-07-09 11:24:00,만시지탄,은수미,고은아,우리 사랑했을까,미쓰리는 알고있다,진워렌버핏,강성욱,빅터한,지나,김부겸,동국S&C,김어준,천인우 이가흔,김이브,at자격시험,박지현,최강욱,서민재,천인우,김정수
2020-07-09 11:25:00,만시지탄,은수미,고은아,우리 사랑했을까,미쓰리는 알고있다,강성욱,진워렌버핏,빅터한,지나,김부겸,디프테리아,김어준,천인우 이가흔,김이브,at자격시험,박지현,서민재,최강욱,천인우,김정수
2020-07-09 11:26:00,만시지탄,은수미,고은아,우리 사랑했을까,미쓰리는 알고있다,진워렌버핏,강성욱,빅터한,지나,김부겸,디프테리아,김어준,천인우 이가흔,김이브,at자격시험,박지현,최강욱,서민재,김강열,천인우
2020-07-09 11:27:00,만시지탄,은수미,고은아,우리 사랑했을까,미쓰리는 알고있다,진워렌버핏,강성욱,빅터한,지나,김부겸,디프테리아,김어준,천인우 이가흔,김이브,at자격시험,박지현,서민재,최강욱,sh수협은행,천인우
2020-07-09 11:28:00,만시지탄,은수미,고은아,우리 사랑했을까,미쓰리는 알고있다,진워렌버핏,강성욱,빅터한,지나,김부겸,디프테리아,김어준,천인우 이가흔,김이브,at자격시험,박지현,sh수협은행,서민재,최강욱,김정수
2020-07-09 11:29:00,만시지탄,은수미,고은아,우리 사랑했을까,미쓰리는 알고있다,진워렌버핏,강성욱,빅터한,지나,김부겸,김어준,천인우 이가흔,김이브,sh수협은행,at자격시험,박지현,서민재,최강욱,김정수,미르
2020-07-09 11:30:00,만시지탄,은수미,고은아,우리 사랑했을까,미쓰리는 알고있다,진워렌버핏,강성욱,빅터한,지나,김부겸,김어준,천인우 이가흔,김이브,at자격시험,박지현,서민재,최강욱,김정수,미르,탁재훈
2020-07-09 11:31:00,만시지탄,은수미,고은아,우리 사랑했을까,미쓰리는 알고있다,진워렌버핏,강성욱,빅터한,지나,김부겸,김어준,천인우 이가흔,sh수협은행,김이브,at자격시험,박지현,탁재훈 아버지,서민재,최강욱,김정수
2020-07-09 11:32:00,만시지탄,은수미,고은아,우리 사랑했을까,미쓰리는 알고있다,진워렌버핏,강성욱,빅터한,지나,김부겸,김어준,천인우 이가흔,sh수협은행,김이브,탁재훈 아버지,at자격시험,서민재,박지현,김정수,미르
2020-07-09 11:33:00,만시지탄,은수미,고은아,우리 사랑했을까,미쓰리는 알고있다,진워렌버핏,강성욱,빅터한,지나,김부겸,디프테리아,김어준,sh수협은행,천인우 이가흔,김이브,at자격시험,서민재,박지현,김정수,미르
2020-07-09 11:34:00,만시지탄,은수미,고은아,미쓰리는 알고있다,우리 사랑했을까,진워렌버핏,강성욱,빅터한,지나,김부겸,디프테리아,김어준,sh수협은행,천인우 이가흔,김이브,at자격시험,서민재,박지현,미르,김정수
2020-07-09 11:35:00,만시지탄,은수미,고은아,미쓰리는 알고있다,우리 사랑했을까,진워렌버핏,강성욱,빅터한,지나,김부겸,디프테리아,김어준,sh수협은행,천인우 이가흔,김이브,at자격시험,서민재,박지현,미르,최강욱
2020-07-09 11:36:00,만시지탄,은수미,고은아,미쓰리는 알고있다,우리 사랑했을까,진워렌버핏,빅터한,강성욱,지나,김부겸,디프테리아,김어준,sh수협은행,천인우 이가흔,김이브,서민재,at자격시험,박지현,미르,최강욱
2020-07-09 11:37:00,은수미,만시지탄,고은아,미쓰리는 알고있다,우리 사랑했을까,진워렌버핏,빅터한,강성욱,지나,김부겸,sh수협은행,디프테리아,김어준,천인우 이가흔,김이브,서민재,at자격시험,박지현,미르,최강욱
2020-07-09 11:38:00,은수미,만시지탄,고은아,미쓰리는 알고있다,우리 사랑했을까,진워렌버핏,빅터한,강성욱,김부겸,지나,sh수협은행,김어준,디프테리아,천인우 이가흔,김이브,미르,서민재,at자격시험,박지현,최강욱
2020-07-09 11:39:00,은수미,만시지탄,고은아,미쓰리는 알고있다,우리 사랑했을까,진워렌버핏,빅터한,강성욱,김부겸,지나,sh수협은행,김어준,디프테리아,천인우 이가흔,미르,서민재,at자격시험,박지현,최강욱,파기환송
2020-07-09 11:40:00,은수미,만시지탄,고은아,미쓰리는 알고있다,우리 사랑했을까,진워렌버핏,빅터한,강성욱,김부겸,지나,김어준,디프테리아,천인우 이가흔,미르,탁재훈,서민재,at자격시험,박지현,최강욱,파기환송
2020-07-09 11:41:00,은수미,만시지탄,고은아,미쓰리는 알고있다,우리 사랑했을까,진워렌버핏,빅터한,강성욱,김부겸,지나,김어준,천인우 이가흔,탁재훈,미르,김이브,서민재,at자격시험,박지현,최강욱,파기환송
2020-07-09 11:42:00,은수미,만시지탄,고은아,미쓰리는 알고있다,우리 사랑했을까,진워렌버핏,빅터한,강성욱,김부겸,지나,김어준,탁재훈,천인우 이가흔,미르,김이브,서민재,at자격시험,박지현,최강욱,파기환송
2020-07-09 11:43:00,은수미,만시지탄,고은아,미쓰리는 알고있다,우리 사랑했을까,진워렌버핏,빅터한,강성욱,김부겸,지나,sh수협은행,김어준,탁재훈,디프테리아,천인우 이가흔,미르,김이브,서민재,at자격시험,박지현
2020-07-09 11:44:00,은수미,만시지탄,고은아,미쓰리는 알고있다,우리 사랑했을까,진워렌버핏,빅터한,강성욱,김부겸,지나,sh수협은행,탁재훈,김어준,디프테리아,천인우 이가흔,미르,김이브,서민재,at자격시험,박지현
2020-07-09 11:45:00,은수미,만시지탄,고은아,미쓰리는 알고있다,진워렌버핏,우리 사랑했을까,빅터한,강성욱,지나,김부겸,sh수협은행,탁재훈,김어준,천인우 이가흔,미르,서민재,at자격시험,박지현,최강욱,파기환송
2020-07-09 11:46:00,은수미,만시지탄,고은아,미쓰리는 알고있다,진워렌버핏,우리 사랑했을까,빅터한,강성욱,지나,김부겸,탁재훈,김어준,천인우 이가흔,미르,김이브,서민재,박지현,at자격시험,최강욱,파기환송
2020-07-09 11:47:00,은수미,만시지탄,고은아,미쓰리는 알고있다,진워렌버핏,빅터한,우리 사랑했을까,강성욱,지나,탁재훈,김어준,김부겸,천인우 이가흔,미르,김이브,서민재,박지현,at자격시험,최강욱,파기환송
2020-07-09 11:48:00,은수미,만시지탄,고은아,미쓰리는 알고있다,빅터한,진워렌버핏,우리 사랑했을까,강성욱,지나,탁재훈,김어준,천인우 이가흔,김부겸,김이브,미르,서민재,민간조사사,박지현,at자격시험,최강욱
2020-07-09 11:49:00,은수미,만시지탄,고은아,미쓰리는 알고있다,빅터한,진워렌버핏,우리 사랑했을까,강성욱,지나,sh수협은행,탁재훈,김어준,천인우 이가흔,민간조사사,김부겸,김이브,서민재,미르,박지현,at자격시험
2020-07-09 11:50:00,은수미,만시지탄,고은아,미쓰리는 알고있다,빅터한,진워렌버핏,우리 사랑했을까,강성욱,지나,sh수협은행,탁재훈,김어준,천인우 이가흔,민간조사사,김이브,서민재,박지현,미르,최강욱,라디오스타
2020-07-09 11:51:00,은수미,만시지탄,고은아,미쓰리는 알고있다,빅터한,진워렌버핏,우리 사랑했을까,강성욱,지나,sh수협은행,탁재훈,민간조사사,김어준,천인우 이가흔,김이브,서민재,미르,박지현,최강욱,라디오스타
2020-07-09 11:52:00,은수미,만시지탄,고은아,미쓰리는 알고있다,빅터한,진워렌버핏,우리 사랑했을까,강성욱,지나,민간조사사,sh수협은행,탁재훈,김어준,천인우 이가흔,김이브,서민재,미르,박지현,라디오스타,최강욱
2020-07-09 11:53:00,은수미,만시지탄,고은아,미쓰리는 알고있다,빅터한,진워렌버핏,우리 사랑했을까,강성욱,지나,민간조사사,탁재훈,김어준,디프테리아,천인우 이가흔,미르,김이브,서민재,박지현,에이스테크,최강욱
2020-07-09 11:54:00,은수미,만시지탄,고은아,미쓰리는 알고있다,빅터한,진워렌버핏,우리 사랑했을까,강성욱,지나,탁재훈,민간조사사,sh수협은행,김어준,천인우 이가흔,디프테리아,미르,서민재,김이브,박지현,최강욱
2020-07-09 11:55:00,은수미,만시지탄,고은아,미쓰리는 알고있다,진워렌버핏,빅터한,우리 사랑했을까,강성욱,지나,탁재훈,민간조사사,sh수협은행,김어준,천인우 이가흔,디프테리아,미르,김이브,서민재,박지현,최강욱
2020-07-09 11:56:00,은수미,만시지탄,고은아,미쓰리는 알고있다,진워렌버핏,빅터한,우리 사랑했을까,강성욱,지나,민간조사사,탁재훈,sh수협은행,김어준,천인우 이가흔,디프테리아,미르,김이브,서민재,알서포트,박지현
2020-07-09 11:57:00,만시지탄,은수미,고은아,미쓰리는 알고있다,진워렌버핏,빅터한,우리 사랑했을까,강성욱,지나,민간조사사,탁재훈,sh수협은행,김어준,천인우 이가흔,김이브,미르,알서포트,서민재,에이스테크,박지현
2020-07-09 11:58:00,만시지탄,은수미,고은아,미쓰리는 알고있다,진워렌버핏,빅터한,우리 사랑했을까,강성욱,민간조사사,지나,탁재훈,sh수협은행,김어준,천인우 이가흔,김이브,미르,서민재,박지현,최강욱,라디오스타
2020-07-09 11:59:00,만시지탄,은수미,미쓰리는 알고있다,고은아,진워렌버핏,빅터한,우리 사랑했을까,강성욱,민간조사사,지나,탁재훈,sh수협은행,김어준,천인우 이가흔,김이브,서민재,미르,박지현,최강욱,셀리버리
2020-07-09 12:00:00,만시지탄,미쓰리는 알고있다,은수미,고은아,진워렌버핏,빅터한,우리 사랑했을까,강성욱,민간조사사,지나,탁재훈,sh수협은행,김어준,천인우 이가흔,디프테리아,김이브,미르,서민재,박지현,최강욱
2020-07-09 12:01:00,미쓰리는 알고있다,만시지탄,고은아,은수미,진워렌버핏,빅터한,우리 사랑했을까,강성욱,민간조사사,지나,탁재훈,sh수협은행,김어준,천인우 이가흔,동국S&C,디프테리아,김이브,미르,서민재,박지현
2020-07-09 12:02:00,미쓰리는 알고있다,만시지탄,고은아,은수미,진워렌버핏,빅터한,우리 사랑했을까,강성욱,민간조사사,지나,탁재훈,sh수협은행,김어준,천인우 이가흔,동국S&C,디프테리아,김이브,서민재,미르,최강욱
2020-07-09 12:03:00,미쓰리는 알고있다,만시지탄,은수미,고은아,진워렌버핏,빅터한,우리 사랑했을까,강성욱,민간조사사,지나,탁재훈,sh수협은행,김어준,천인우 이가흔,디프테리아,김이브,서민재,최강욱,미르,셀리버리
2020-07-09 12:04:00,미쓰리는 알고있다,만시지탄,은수미,고은아,진워렌버핏,빅터한,우리 사랑했을까,강성욱,민간조사사,지나,탁재훈,sh수협은행,김어준,천인우 이가흔,디프테리아,김이브,서민재,최강욱,셀리버리,미르
2020-07-09 12:05:00,미쓰리는 알고있다,만시지탄,은수미,고은아,진워렌버핏,빅터한,우리 사랑했을까,민간조사사,강성욱,지나,탁재훈,sh수협은행,김어준,천인우 이가흔,디프테리아,알서포트,김이브,서민재,최강욱,에이스테크
2020-07-09 12:06:00,미쓰리는 알고있다,만시지탄,은수미,고은아,진워렌버핏,빅터한,우리 사랑했을까,민간조사사,강성욱,지나,탁재훈,sh수협은행,김어준,천인우 이가흔,디프테리아,서민재,김이브,최강욱,셀리버리,박지현
2020-07-09 12:07:00,미쓰리는 알고있다,만시지탄,은수미,고은아,진워렌버핏,빅터한,민간조사사,우리 사랑했을까,강성욱,지나,탁재훈,sh수협은행,김어준,천인우 이가흔,알서포트,서민재,김이브,최강욱,셀리버리,에이스테크
2020-07-09 12:08:00,미쓰리는 알고있다,만시지탄,은수미,고은아,진워렌버핏,빅터한,민간조사사,우리 사랑했을까,강성욱,지나,탁재훈,sh수협은행,김어준,천인우 이가흔,알서포트,서민재,김이브,셀리버리,최강욱,에이스테크
2020-07-09 12:09:00,미쓰리는 알고있다,만시지탄,은수미,고은아,진워렌버핏,빅터한,민간조사사,우리 사랑했을까,강성욱,지나,탁재훈,sh수협은행,김어준,천인우 이가흔,알서포트,김이브,서민재,셀리버리,최강욱,에이스테크
2020-07-09 12:10:00,미쓰리는 알고있다,만시지탄,은수미,고은아,진워렌버핏,빅터한,민간조사사,우리 사랑했을까,강성욱,지나,탁재훈,sh수협은행,김어준,천인우 이가흔,알서포트,디프테리아,김이브,서민재,셀리버리,최강욱
2020-07-09 12:11:00,미쓰리는 알고있다,만시지탄,은수미,고은아,진워렌버핏,빅터한,민간조사사,우리 사랑했을까,강성욱,지나,탁재훈,sh수협은행,김어준,천인우 이가흔,알서포트,디프테리아,김이브,서민재,셀리버리,최강욱
2020-07-09 12:12:00,미쓰리는 알고있다,만시지탄,은수미,고은아,진워렌버핏,민간조사사,빅터한,우리 사랑했을까,강성욱,지나,탁재훈,sh수협은행,김어준,천인우 이가흔,알서포트,동국S&C,김이브,서민재,셀리버리,최강욱
2020-07-09 12:13:00,미쓰리는 알고있다,만시지탄,은수미,고은아,진워렌버핏,민간조사사,빅터한,우리 사랑했을까,강성욱,탁재훈,sh수협은행,지나,김어준,천인우 이가흔,알서포트,김이브,셀리버리,서민재,최강욱,에이스테크
2020-07-09 12:14:00,미쓰리는 알고있다,만시지탄,은수미,고은아,진워렌버핏,민간조사사,빅터한,우리 사랑했을까,강성욱,탁재훈,sh수협은행,지나,김어준,천인우 이가흔,알서포트,김이브,셀리버리,서민재,최강욱,에이스테크
2020-07-09 12:15:00,미쓰리는 알고있다,만시지탄,은수미,고은아,진워렌버핏,민간조사사,빅터한,우리 사랑했을까,강성욱,탁재훈,sh수협은행,지나,김어준,천인우 이가흔,알서포트,셀리버리,김이브,서민재,최강욱,에이스테크
2020-07-09 12:16:00,미쓰리는 알고있다,만시지탄,은수미,고은아,진워렌버핏,민간조사사,빅터한,강성욱,우리 사랑했을까,탁재훈,지나,sh수협은행,김어준,알서포트,천인우 이가흔,셀리버리,김이브,서민재,최강욱,에이스테크
2020-07-09 12:17:00,미쓰리는 알고있다,만시지탄,은수미,고은아,진워렌버핏,민간조사사,빅터한,강성욱,우리 사랑했을까,탁재훈,지나,sh수협은행,김어준,알서포트,천인우 이가흔,셀리버리,김이브,서민재,최강욱,미르
2020-07-09 12:18:00,미쓰리는 알고있다,만시지탄,은수미,고은아,민간조사사,진워렌버핏,빅터한,우리 사랑했을까,강성욱,탁재훈,지나,김어준,sh수협은행,알서포트,천인우 이가흔,디프테리아,셀리버리,김이브,서민재,최강욱
2020-07-09 12:19:00,미쓰리는 알고있다,만시지탄,은수미,민간조사사,고은아,진워렌버핏,빅터한,우리 사랑했을까,강성욱,탁재훈,지나,김어준,알서포트,천인우 이가흔,sh수협은행,셀리버리,김이브,최강욱,서민재,식약처
2020-07-09 12:20:00,미쓰리는 알고있다,만시지탄,은수미,민간조사사,진워렌버핏,고은아,빅터한,우리 사랑했을까,강성욱,탁재훈,지나,알서포트,김어준,천인우 이가흔,디프테리아,셀리버리,김이브,서민재,최강욱,식약처
2020-07-09 12:21:00,미쓰리는 알고있다,만시지탄,은수미,민간조사사,진워렌버핏,고은아,빅터한,강성욱,우리 사랑했을까,탁재훈,지나,알서포트,김어준,천인우 이가흔,sh수협은행,셀리버리,김이브,서민재,최강욱,식약처
2020-07-09 12:22:00,미쓰리는 알고있다,만시지탄,민간조사사,은수미,진워렌버핏,고은아,빅터한,강성욱,우리 사랑했을까,탁재훈,지나,알서포트,김어준,천인우 이가흔,셀리버리,sh수협은행,김이브,서민재,최강욱,식약처
2020-07-09 12:23:00,만시지탄,미쓰리는 알고있다,민간조사사,은수미,진워렌버핏,고은아,빅터한,강성욱,우리 사랑했을까,탁재훈,지나,알서포트,김어준,천인우 이가흔,디프테리아,셀리버리,김이브,최강욱,서민재,식약처
2020-07-09 12:24:00,만시지탄,미쓰리는 알고있다,민간조사사,은수미,진워렌버핏,고은아,빅터한,강성욱,우리 사랑했을까,탁재훈,지나,알서포트,김어준,천인우 이가흔,동국S&C,셀리버리,김이브,최강욱,서민재,sh수협은행
2020-07-09 12:25:00,만시지탄,미쓰리는 알고있다,민간조사사,은수미,진워렌버핏,고은아,빅터한,강성욱,우리 사랑했을까,탁재훈,지나,알서포트,김어준,천인우 이가흔,셀리버리,김이브,최강욱,서민재,식약처,유신
2020-07-09 12:26:00,만시지탄,미쓰리는 알고있다,민간조사사,은수미,진워렌버핏,고은아,빅터한,강성욱,우리 사랑했을까,탁재훈,지나,알서포트,김어준,천인우 이가흔,셀리버리,김이브,최강욱,서민재,식약처,유신
2020-07-09 12:27:00,만시지탄,미쓰리는 알고있다,민간조사사,은수미,진워렌버핏,고은아,빅터한,강성욱,우리 사랑했을까,탁재훈,지나,알서포트,김어준,천인우 이가흔,셀리버리,김이브,최강욱,서민재,식약처,유신
2020-07-09 12:28:00,만시지탄,민간조사사,미쓰리는 알고있다,은수미,진워렌버핏,고은아,빅터한,강성욱,우리 사랑했을까,탁재훈,지나,알서포트,김어준,천인우 이가흔,셀리버리,디프테리아,김이브,최강욱,서민재,식약처
2020-07-09 12:29:00,만시지탄,민간조사사,미쓰리는 알고있다,은수미,진워렌버핏,고은아,빅터한,강성욱,우리 사랑했을까,탁재훈,지나,알서포트,김어준,천인우 이가흔,셀리버리,최강욱,김이브,서민재,식약처,이가흔
2020-07-09 12:30:00,만시지탄,민간조사사,미쓰리는 알고있다,은수미,진워렌버핏,고은아,빅터한,강성욱,우리 사랑했을까,탁재훈,지나,알서포트,김어준,천인우 이가흔,셀리버리,최강욱,탁재훈 아버지,김이브,서민재,식약처
2020-07-09 12:31:00,만시지탄,민간조사사,미쓰리는 알고있다,은수미,진워렌버핏,고은아,빅터한,강성욱,우리 사랑했을까,탁재훈,지나,알서포트,김어준,던파,천인우 이가흔,셀리버리,최강욱,김이브,서민재,식약처
2020-07-09 12:32:00,만시지탄,민간조사사,미쓰리는 알고있다,은수미,진워렌버핏,고은아,빅터한,강성욱,우리 사랑했을까,탁재훈,지나,알서포트,김어준,천인우 이가흔,셀리버리,최강욱,식약처,김이브,서민재,라이프치히
2020-07-09 12:33:00,만시지탄,민간조사사,미쓰리는 알고있다,은수미,진워렌버핏,고은아,빅터한,강성욱,우리 사랑했을까,탁재훈,김어준,지나,던파,천인우 이가흔,셀리버리,최강욱,김이브,서민재,식약처,라이프치히
2020-07-09 12:34:00,만시지탄,민간조사사,은수미,미쓰리는 알고있다,진워렌버핏,고은아,강성욱,빅터한,우리 사랑했을까,탁재훈,알서포트,김어준,지나,던파,천인우 이가흔,셀리버리,최강욱,김이브,서민재,식약처
2020-07-09 12:35:00,만시지탄,민간조사사,은수미,미쓰리는 알고있다,진워렌버핏,고은아,강성욱,빅터한,우리 사랑했을까,탁재훈,알서포트,김어준,지나,천인우 이가흔,셀리버리,최강욱,김이브,식약처,서민재,라이프치히
2020-07-09 12:36:00,만시지탄,민간조사사,은수미,미쓰리는 알고있다,진워렌버핏,고은아,강성욱,빅터한,우리 사랑했을까,탁재훈,알서포트,김어준,지나,천인우 이가흔,셀리버리,최강욱,식약처,김이브,라이프치히,서민재
2020-07-09 12:37:00,만시지탄,민간조사사,은수미,미쓰리는 알고있다,진워렌버핏,고은아,강성욱,우리 사랑했을까,빅터한,탁재훈,알서포트,김어준,지나,천인우 이가흔,셀리버리,최강욱,식약처,김이브,라이프치히,서민재
2020-07-09 12:38:00,만시지탄,민간조사사,은수미,진워렌버핏,미쓰리는 알고있다,고은아,강성욱,우리 사랑했을까,빅터한,탁재훈,알서포트,김어준,지나,천인우 이가흔,셀리버리,최강욱,김이브,식약처,라이프치히,서민재
2020-07-09 12:39:00,만시지탄,민간조사사,은수미,진워렌버핏,미쓰리는 알고있다,고은아,강성욱,우리 사랑했을까,빅터한,탁재훈,알서포트,김어준,지나,천인우 이가흔,셀리버리,최강욱,라이프치히,김이브,식약처,서민재
2020-07-09 12:40:00,만시지탄,민간조사사,은수미,진워렌버핏,미쓰리는 알고있다,고은아,강성욱,우리 사랑했을까,빅터한,탁재훈,알서포트,김어준,지나,천인우 이가흔,셀리버리,최강욱,라이프치히,김이브,식약처,서민재
2020-07-09 12:41:00,신현준,만시지탄,민간조사사,은수미,진워렌버핏,미쓰리는 알고있다,고은아,강성욱,우리 사랑했을까,빅터한,알서포트,김어준,탁재훈,지나,천인우 이가흔,셀리버리,라이프치히,최강욱,김이브,식약처
2020-07-09 12:42:00,신현준,만시지탄,민간조사사,은수미,진워렌버핏,미쓰리는 알고있다,고은아,강성욱,우리 사랑했을까,빅터한,알서포트,김어준,지나,탁재훈,천인우 이가흔,셀리버리,최강욱,라이프치히,김이브,식약처
2020-07-09 12:43:00,신현준,만시지탄,민간조사사,은수미,진워렌버핏,미쓰리는 알고있다,고은아,강성욱,빅터한,우리 사랑했을까,알서포트,김어준,지나,천인우 이가흔,탁재훈,셀리버리,최강욱,라이프치히,김이브,식약처
2020-07-09 12:44:00,신현준,만시지탄,민간조사사,은수미,진워렌버핏,미쓰리는 알고있다,고은아,강성욱,빅터한,우리 사랑했을까,알서포트,김어준,천인우 이가흔,지나,탁재훈,셀리버리,최강욱,라이프치히,김이브,롯데정보통신
2020-07-09 12:45:00,신현준,만시지탄,민간조사사,은수미,진워렌버핏,미쓰리는 알고있다,고은아,강성욱,빅터한,우리 사랑했을까,알서포트,김어준,천인우 이가흔,지나,탁재훈,최강욱,셀리버리,롯데정보통신,라이프치히,김이브
2020-07-09 12:46:00,신현준,만시지탄,민간조사사,은수미,진워렌버핏,미쓰리는 알고있다,고은아,강성욱,빅터한,우리 사랑했을까,알서포트,김어준,천인우 이가흔,지나,탁재훈,최강욱,라이프치히,셀리버리,김이브,서민재
2020-07-09 12:47:00,신현준,만시지탄,은수미,진워렌버핏,민간조사사,미쓰리는 알고있다,고은아,강성욱,우리 사랑했을까,빅터한,알서포트,김어준,천인우 이가흔,지나,탁재훈 아버지,탁재훈,라이프치히,최강욱,김이브,셀리버리
2020-07-09 12:48:00,신현준,만시지탄,은수미,진워렌버핏,민간조사사,미쓰리는 알고있다,고은아,강성욱,우리 사랑했을까,알서포트,빅터한,김어준,천인우 이가흔,지나,탁재훈 아버지,탁재훈,최강욱,라이프치히,김이브,서민재
2020-07-09 12:49:00,신현준,만시지탄,은수미,진워렌버핏,민간조사사,미쓰리는 알고있다,고은아,강성욱,우리 사랑했을까,알서포트,빅터한,김어준,천인우 이가흔,지나,탁재훈 아버지,탁재훈,최강욱,라이프치히,김이브,서민재
2020-07-09 12:50:00,신현준,만시지탄,은수미,진워렌버핏,민간조사사,고은아,미쓰리는 알고있다,강성욱,우리 사랑했을까,알서포트,빅터한,김어준,천인우 이가흔,지나,탁재훈 아버지,최강욱,탁재훈,라이프치히,김이브,서민재
2020-07-09 12:51:00,신현준,만시지탄,은수미,진워렌버핏,고은아,민간조사사,미쓰리는 알고있다,강성욱,우리 사랑했을까,알서포트,빅터한,김어준,천인우 이가흔,롯데정보통신,지나,최강욱,탁재훈 아버지,탁재훈,라이프치히,김이브
2020-07-09 12:52:00,신현준,만시지탄,은수미,진워렌버핏,고은아,민간조사사,미쓰리는 알고있다,강성욱,우리 사랑했을까,알서포트,빅터한,김어준,천인우 이가흔,롯데정보통신,지나,최강욱,탁재훈 아버지,라이프치히,탁재훈,김이브
2020-07-09 12:53:00,신현준,만시지탄,은수미,진워렌버핏,고은아,민간조사사,미쓰리는 알고있다,강성욱,알서포트,우리 사랑했을까,빅터한,김어준,천인우 이가흔,지나,최강욱,탁재훈 아버지,라이프치히,탁재훈,김이브,서민재
2020-07-09 12:54:00,신현준,만시지탄,은수미,진워렌버핏,고은아,민간조사사,미쓰리는 알고있다,강성욱,알서포트,우리 사랑했을까,빅터한,천인우 이가흔,김어준,최강욱,탁재훈 아버지,지나,라이프치히,김이브,서민재,탁재훈
2020-07-09 12:55:00,신현준,만시지탄,은수미,진워렌버핏,고은아,민간조사사,미쓰리는 알고있다,강성욱,길티 플레저,알서포트,우리 사랑했을까,빅터한,천인우 이가흔,김어준,최강욱,탁재훈 아버지,지나,라이프치히,김이브,서민재
2020-07-09 12:56:00,신현준,만시지탄,진워렌버핏,은수미,고은아,민간조사사,미쓰리는 알고있다,강성욱,길티 플레저,알서포트,우리 사랑했을까,천인우 이가흔,빅터한,김어준,최강욱,탁재훈 아버지,지나,라이프치히,김이브,서민재
2020-07-09 12:57:00,신현준,만시지탄,진워렌버핏,은수미,고은아,민간조사사,미쓰리는 알고있다,신현준 매니저,강성욱,길티 플레저,알서포트,우리 사랑했을까,빅터한,김어준,천인우 이가흔,최강욱,탁재훈 아버지,지나,라이프치히,김이브
2020-07-09 12:58:00,신현준,만시지탄,진워렌버핏,은수미,고은아,민간조사사,미쓰리는 알고있다,신현준 매니저,강성욱,길티 플레저,알서포트,우리 사랑했을까,롯데정보통신,빅터한,천인우 이가흔,김어준,최강욱,탁재훈 아버지,지나,라이프치히
2020-07-09 12:59:00,신현준,만시지탄,진워렌버핏,은수미,고은아,민간조사사,신현준 매니저,미쓰리는 알고있다,강성욱,길티 플레저,알서포트,우리 사랑했을까,빅터한,롯데정보통신,천인우 이가흔,김어준,최강욱,탁재훈 아버지,지나,라이프치히
2020-07-09 13:00:00,신현준,만시지탄,진워렌버핏,은수미,고은아,민간조사사,신현준 매니저,미쓰리는 알고있다,강성욱,길티 플레저,알서포트,우리 사랑했을까,빅터한,롯데정보통신,김어준,천인우 이가흔,최강욱,탁재훈 아버지,지나,라이프치히
2020-07-09 13:01:00,신현준,만시지탄,진워렌버핏,은수미,고은아,신현준 매니저,민간조사사,미쓰리는 알고있다,강성욱,길티 플레저,알서포트,빅터한,우리 사랑했을까,천인우 이가흔,김어준,최강욱,탁재훈 아버지,지나,라이프치히,이관용
2020-07-09 13:02:00,신현준,만시지탄,진워렌버핏,은수미,고은아,신현준 매니저,민간조사사,미쓰리는 알고있다,강성욱,길티 플레저,알서포트,빅터한,우리 사랑했을까,천인우 이가흔,김어준,최강욱,탁재훈 아버지,지나,이관용,라이프치히
2020-07-09 13:03:00,신현준,만시지탄,진워렌버핏,은수미,고은아,신현준 매니저,민간조사사,강성욱,미쓰리는 알고있다,길티 플레저,알서포트,빅터한,우리 사랑했을까,롯데정보통신,김어준,천인우 이가흔,최강욱,탁재훈 아버지,지나,이관용
2020-07-09 13:04:00,신현준,만시지탄,진워렌버핏,은수미,고은아,신현준 매니저,민간조사사,강성욱,알서포트,길티 플레저,빅터한,미쓰리는 알고있다,우리 사랑했을까,천인우 이가흔,김어준,최강욱,탁재훈 아버지,이관용,지나,라이프치히
2020-07-09 13:05:00,신현준,만시지탄,진워렌버핏,은수미,고은아,신현준 매니저,강성욱,민간조사사,알서포트,길티 플레저,빅터한,우리 사랑했을까,미쓰리는 알고있다,롯데정보통신,천인우 이가흔,김어준,최강욱,탁재훈 아버지,이관용,지나
2020-07-09 13:06:00,신현준,만시지탄,진워렌버핏,은수미,고은아,신현준 매니저,강성욱,알서포트,민간조사사,빅터한,길티 플레저,우리 사랑했을까,롯데정보통신,미쓰리는 알고있다,천인우 이가흔,김어준,최강욱,이관용,탁재훈 아버지,지나
2020-07-09 13:07:00,신현준,만시지탄,진워렌버핏,은수미,신현준 매니저,고은아,강성욱,알서포트,빅터한,길티 플레저,우리 사랑했을까,민간조사사,롯데정보통신,미쓰리는 알고있다,천인우 이가흔,김어준,이관용,최강욱,탁재훈 아버지,지나
2020-07-09 13:08:00,신현준,만시지탄,진워렌버핏,신현준 매니저,은수미,고은아,강성욱,알서포트,우리 사랑했을까,빅터한,길티 플레저,롯데정보통신,민간조사사,미쓰리는 알고있다,천인우 이가흔,김어준,이관용,최강욱,탁재훈 아버지,지나
2020-07-09 13:09:00,신현준,만시지탄,진워렌버핏,신현준 매니저,은수미,고은아,강성욱,우리 사랑했을까,알서포트,길티 플레저,빅터한,롯데정보통신,민간조사사,미쓰리는 알고있다,천인우 이가흔,김어준,이관용,최강욱,탁재훈 아버지,지나
2020-07-09 13:10:00,신현준,만시지탄,진워렌버핏,신현준 매니저,고은아,은수미,강성욱,우리 사랑했을까,알서포트,빅터한,길티 플레저,롯데정보통신,민간조사사,미쓰리는 알고있다,천인우 이가흔,이관용,김어준,최강욱,탁재훈 아버지,지나
2020-07-09 13:11:00,신현준,만시지탄,진워렌버핏,신현준 매니저,고은아,은수미,강성욱,우리 사랑했을까,알서포트,빅터한,길티 플레저,롯데정보통신,민간조사사,미쓰리는 알고있다,이관용,천인우 이가흔,김어준,최강욱,탁재훈 아버지,지나
2020-07-09 13:12:00,신현준,만시지탄,진워렌버핏,신현준 매니저,고은아,은수미,우리 사랑했을까,강성욱,알서포트,빅터한,길티 플레저,롯데정보통신,민간조사사,이관용,미쓰리는 알고있다,천인우 이가흔,김어준,최강욱,탁재훈 아버지,지나
2020-07-09 13:13:00,신현준,만시지탄,신현준 매니저,진워렌버핏,고은아,은수미,우리 사랑했을까,강성욱,알서포트,빅터한,롯데정보통신,길티 플레저,이관용,천인우 이가흔,미쓰리는 알고있다,김어준,민간조사사,최강욱,탁재훈 아버지,지나
2020-07-09 13:14:00,신현준,만시지탄,신현준 매니저,진워렌버핏,고은아,은수미,우리 사랑했을까,강성욱,알서포트,빅터한,롯데정보통신,길티 플레저,이관용,천인우 이가흔,미쓰리는 알고있다,김어준,최강욱,민간조사사,탁재훈 아버지,김광섭
2020-07-09 13:15:00,신현준,만시지탄,신현준 매니저,진워렌버핏,고은아,은수미,우리 사랑했을까,강성욱,알서포트,롯데정보통신,빅터한,길티 플레저,이관용,천인우 이가흔,미쓰리는 알고있다,김어준,최강욱,김광섭,종부세,민간조사사
2020-07-09 13:16:00,신현준,만시지탄,신현준 매니저,진워렌버핏,고은아,은수미,우리 사랑했을까,강성욱,알서포트,롯데정보통신,빅터한,길티 플레저,이관용,천인우 이가흔,미쓰리는 알고있다,김어준,최강욱,김광섭,종부세,지나
2020-07-09 13:17:00,신현준,신현준 매니저,만시지탄,진워렌버핏,고은아,은수미,우리 사랑했을까,강성욱,알서포트,롯데정보통신,빅터한,길티 플레저,이관용,천인우 이가흔,김어준,미쓰리는 알고있다,최강욱,김광섭,종부세,지나
2020-07-09 13:18:00,신현준,신현준 매니저,만시지탄,진워렌버핏,고은아,은수미,우리 사랑했을까,알서포트,강성욱,롯데정보통신,길티 플레저,빅터한,이관용,천인우 이가흔,김어준,미쓰리는 알고있다,최강욱,김광섭,종부세,지나
2020-07-09 13:19:00,신현준,신현준 매니저,만시지탄,진워렌버핏,고은아,은수미,우리 사랑했을까,알서포트,강성욱,롯데정보통신,빅터한,길티 플레저,이관용,천인우 이가흔,김어준,미쓰리는 알고있다,김광섭,최강욱,종부세,지나
2020-07-09 13:20:00,신현준,신현준 매니저,만시지탄,진워렌버핏,고은아,은수미,우리 사랑했을까,알서포트,강성욱,롯데정보통신,빅터한,길티 플레저,이관용,천인우 이가흔,김어준,미쓰리는 알고있다,김광섭,최강욱,종부세,지나
2020-07-09 13:21:00,신현준,신현준 매니저,만시지탄,진워렌버핏,고은아,은수미,우리 사랑했을까,알서포트,빅터한,강성욱,길티 플레저,이관용,천인우 이가흔,김어준,미쓰리는 알고있다,김광섭,최강욱,종부세,지나,탁재훈
2020-07-09 13:22:00,신현준,신현준 매니저,만시지탄,진워렌버핏,고은아,은수미,우리 사랑했을까,알서포트,빅터한,강성욱,길티 플레저,이관용,천인우 이가흔,김어준,미쓰리는 알고있다,김광섭,종부세,최강욱,지나,탁재훈
2020-07-09 13:23:00,신현준,신현준 매니저,만시지탄,진워렌버핏,고은아,은수미,빅터한,우리 사랑했을까,알서포트,롯데정보통신,강성욱,길티 플레저,이관용,천인우 이가흔,김어준,넷플릭스 하트시그널 업로드,미쓰리는 알고있다,김광섭,종부세,최강욱
2020-07-09 13:24:00,신현준,신현준 매니저,만시지탄,진워렌버핏,고은아,은수미,빅터한,우리 사랑했을까,알서포트,롯데정보통신,강성욱,길티 플레저,이관용,천인우 이가흔,김어준,넷플릭스 하트시그널 업로드,미쓰리는 알고있다,김광섭,종부세,최강욱
2020-07-09 13:25:00,신현준,신현준 매니저,만시지탄,진워렌버핏,고은아,은수미,빅터한,우리 사랑했을까,알서포트,롯데정보통신,강성욱,길티 플레저,이관용,천인우 이가흔,김어준,넷플릭스 하트시그널 업로드,김광섭,미쓰리는 알고있다,종부세,최강욱
2020-07-09 13:26:00,신현준,신현준 매니저,만시지탄,진워렌버핏,고은아,은수미,빅터한,우리 사랑했을까,알서포트,롯데정보통신,강성욱,길티 플레저,이관용,천인우 이가흔,김어준,김광섭,미쓰리는 알고있다,종부세,최강욱,탁재훈
2020-07-09 13:27:00,신현준,신현준 매니저,만시지탄,진워렌버핏,고은아,은수미,빅터한,우리 사랑했을까,알서포트,롯데정보통신,강성욱,길티 플레저,이관용,천인우 이가흔,김어준,김광섭,미쓰리는 알고있다,종부세,넷플릭스 하트시그널 업로드,최강욱
2020-07-09 13:28:00,신현준,신현준 매니저,만시지탄,진워렌버핏,고은아,은수미,우리 사랑했을까,빅터한,알서포트,롯데정보통신,강성욱,길티 플레저,이관용,천인우 이가흔,김어준,김광섭,종부세,미쓰리는 알고있다,넷플릭스 하트시그널 업로드,최강욱
2020-07-09 13:29:00,신현준,신현준 매니저,만시지탄,진워렌버핏,고은아,은수미,우리 사랑했을까,빅터한,알서포트,롯데정보통신,강성욱,길티 플레저,이관용,천인우 이가흔,김어준,김광섭,종부세,탁재훈,미쓰리는 알고있다,최강욱
2020-07-09 13:30:00,신현준,신현준 매니저,만시지탄,진워렌버핏,고은아,은수미,우리 사랑했을까,빅터한,알서포트,롯데정보통신,강성욱,길티 플레저,이관용,천인우 이가흔,종부세,김광섭,김어준,탁재훈,미쓰리는 알고있다,최강욱
2020-07-09 13:31:00,신현준,신현준 매니저,만시지탄,진워렌버핏,고은아,은수미,우리 사랑했을까,빅터한,알서포트,롯데정보통신,강성욱,길티 플레저,이관용,천인우 이가흔,탁재훈,종부세,김광섭,김어준,미쓰리는 알고있다,최강욱
2020-07-09 13:32:00,신현준,신현준 매니저,만시지탄,진워렌버핏,고은아,은수미,우리 사랑했을까,빅터한,알서포트,롯데정보통신,강성욱,길티 플레저,이관용,천인우 이가흔,탁재훈,종부세,김광섭,김어준,미쓰리는 알고있다,최강욱
2020-07-09 13:33:00,신현준,신현준 매니저,만시지탄,진워렌버핏,고은아,은수미,우리 사랑했을까,빅터한,알서포트,롯데정보통신,강성욱,길티 플레저,이관용,천인우 이가흔,탁재훈,종부세,김광섭,김어준,미쓰리는 알고있다,최강욱
2020-07-09 13:34:00,신현준,신현준 매니저,만시지탄,진워렌버핏,고은아,우리 사랑했을까,은수미,빅터한,알서포트,롯데정보통신,강성욱,길티 플레저,이관용,천인우 이가흔,탁재훈,종부세,김광섭,김어준,미쓰리는 알고있다,최강욱
2020-07-09 13:35:00,신현준,신현준 매니저,만시지탄,진워렌버핏,고은아,우리 사랑했을까,은수미,빅터한,알서포트,롯데정보통신,강성욱,길티 플레저,이관용,천인우 이가흔,탁재훈,종부세,김광섭,김어준,미쓰리는 알고있다,최강욱
2020-07-09 13:36:00,신현준,신현준 매니저,만시지탄,진워렌버핏,고은아,우리 사랑했을까,빅터한,은수미,알서포트,롯데정보통신,강성욱,이관용,길티 플레저,천인우 이가흔,탁재훈,종부세,김광섭,김어준,미쓰리는 알고있다,최강욱
2020-07-09 13:37:00,신현준,신현준 매니저,만시지탄,진워렌버핏,고은아,우리 사랑했을까,빅터한,은수미,알서포트,롯데정보통신,이관용,강성욱,길티 플레저,천인우 이가흔,탁재훈,종부세,김광섭,신현준 전참시,김어준,최강욱
2020-07-09 13:38:00,신현준,신현준 매니저,만시지탄,진워렌버핏,고은아,우리 사랑했을까,빅터한,은수미,알서포트,롯데정보통신,이관용,강성욱,길티 플레저,천인우 이가흔,탁재훈,종부세,김광섭,신현준 전참시,김어준,최강욱
2020-07-09 13:39:00,신현준,신현준 매니저,만시지탄,진워렌버핏,고은아,우리 사랑했을까,빅터한,은수미,알서포트,롯데정보통신,이관용,강성욱,길티 플레저,탁재훈,천인우 이가흔,종부세,김광섭,김어준,최강욱,미쓰리는 알고있다
2020-07-09 13:40:00,신현준,신현준 매니저,진워렌버핏,만시지탄,고은아,우리 사랑했을까,빅터한,은수미,알서포트,이관용,강성욱,길티 플레저,천인우 이가흔,탁재훈,종부세,김광섭,신현준 전참시,최강욱,김어준,미쓰리는 알고있다
2020-07-09 13:41:00,신현준,신현준 매니저,진워렌버핏,만시지탄,고은아,우리 사랑했을까,빅터한,은수미,알서포트,이관용,롯데정보통신,길티 플레저,강성욱,탁재훈,천인우 이가흔,김광섭,신현준 전참시,종부세,최강욱,김어준
2020-07-09 13:42:00,신현준,신현준 매니저,진워렌버핏,만시지탄,고은아,우리 사랑했을까,빅터한,알서포트,은수미,이관용,롯데정보통신,길티 플레저,강성욱,탁재훈,천인우 이가흔,김광섭,종부세,최강욱,김어준,미쓰리는 알고있다
2020-07-09 13:43:00,신현준,신현준 매니저,진워렌버핏,만시지탄,고은아,우리 사랑했을까,빅터한,알서포트,은수미,이관용,롯데정보통신,길티 플레저,강성욱,탁재훈,천인우 이가흔,종부세,김광섭,최강욱,김어준,미쓰리는 알고있다
2020-07-09 13:44:00,신현준,신현준 매니저,진워렌버핏,만시지탄,고은아,우리 사랑했을까,알서포트,빅터한,은수미,이관용,롯데정보통신,길티 플레저,강성욱,탁재훈,천인우 이가흔,종부세,최강욱,김광섭,김어준,미쓰리는 알고있다
2020-07-09 13:45:00,신현준,신현준 매니저,만시지탄,우리 사랑했을까,고은아,진워렌버핏,알서포트,은수미,빅터한,이관용,길티 플레저,롯데정보통신,강성욱,천인우 이가흔,탁재훈,신현준 전참시,김광섭,최강욱,종부세,김어준
2020-07-09 13:46:00,신현준,신현준 매니저,우리 사랑했을까,고은아,진워렌버핏,만시지탄,알서포트,은수미,빅터한,이관용,길티 플레저,강성욱,롯데정보통신,천인우 이가흔,탁재훈,신현준 전참시,김광섭,최강욱,종부세,김어준
2020-07-09 13:47:00,신현준,신현준 매니저,우리 사랑했을까,만시지탄,진워렌버핏,고은아,알서포트,은수미,빅터한,이관용,길티 플레저,강성욱,천인우 이가흔,탁재훈,신현준 전참시,김광섭,최강욱,종부세,미쓰리는 알고있다,김어준
2020-07-09 13:48:00,신현준,신현준 매니저,우리 사랑했을까,진워렌버핏,만시지탄,고은아,알서포트,은수미,빅터한,이관용,길티 플레저,강성욱,천인우 이가흔,탁재훈,신현준 전참시,김광섭,종부세,최강욱,김어준,미쓰리는 알고있다
2020-07-09 13:49:00,신현준,신현준 매니저,우리 사랑했을까,진워렌버핏,만시지탄,고은아,알서포트,은수미,빅터한,이관용,길티 플레저,강성욱,천인우 이가흔,탁재훈,신현준 전참시,김광섭,종부세,최강욱,미쓰리는 알고있다,김어준
2020-07-09 13:50:00,신현준,신현준 매니저,우리 사랑했을까,진워렌버핏,만시지탄,고은아,알서포트,은수미,빅터한,이관용,길티 플레저,강성욱,천인우 이가흔,탁재훈,신현준 전참시,김광섭,종부세,최강욱,미쓰리는 알고있다,김어준
2020-07-09 13:51:00,신현준,신현준 매니저,우리 사랑했을까,진워렌버핏,알서포트,만시지탄,고은아,은수미,빅터한,이관용,길티 플레저,강성욱,천인우 이가흔,탁재훈,김광섭,종부세,최강욱,미쓰리는 알고있다,김어준,서민재
2020-07-09 13:52:00,신현준,신현준 매니저,우리 사랑했을까,진워렌버핏,알서포트,만시지탄,고은아,은수미,빅터한,이관용,길티 플레저,강성욱,천인우 이가흔,탁재훈,김광섭,종부세,미쓰리는 알고있다,최강욱,김어준,탁재훈 아버지
2020-07-09 13:53:00,신현준,신현준 매니저,우리 사랑했을까,알서포트,진워렌버핏,만시지탄,고은아,은수미,빅터한,이관용,길티 플레저,강성욱,롯데정보통신,천인우 이가흔,탁재훈,김광섭,신현준 전참시,종부세,미쓰리는 알고있다,최강욱
2020-07-09 13:54:00,신현준,신현준 매니저,우리 사랑했을까,알서포트,진워렌버핏,만시지탄,고은아,은수미,빅터한,이관용,길티 플레저,강성욱,롯데정보통신,천인우 이가흔,탁재훈,김광섭,미쓰리는 알고있다,종부세,김어준,최강욱
2020-07-09 13:55:00,신현준,신현준 매니저,우리 사랑했을까,알서포트,만시지탄,고은아,진워렌버핏,은수미,빅터한,이관용,강성욱,천인우 이가흔,탁재훈,신현준 전참시,김광섭,미쓰리는 알고있다,종부세,김어준,최강욱,길티 플레저
2020-07-09 13:56:00,신현준,신현준 매니저,우리 사랑했을까,알서포트,만시지탄,고은아,진워렌버핏,은수미,빅터한,이관용,강성욱,천인우 이가흔,탁재훈,신현준 전참시,김광섭,미쓰리는 알고있다,종부세,김어준,최강욱,미 비포 유
2020-07-09 13:57:00,신현준,신현준 매니저,우리 사랑했을까,알서포트,만시지탄,고은아,진워렌버핏,은수미,빅터한,이관용,강성욱,롯데정보통신,천인우 이가흔,탁재훈,신현준 전참시,미쓰리는 알고있다,김광섭,종부세,최강욱,김어준
2020-07-09 13:58:00,신현준,신현준 매니저,우리 사랑했을까,알서포트,만시지탄,고은아,진워렌버핏,은수미,빅터한,이관용,강성욱,롯데정보통신,천인우 이가흔,신현준 전참시,탁재훈,미쓰리는 알고있다,김광섭,종부세,최강욱,김어준
2020-07-09 13:59:00,신현준,신현준 매니저,우리 사랑했을까,알서포트,만시지탄,고은아,진워렌버핏,은수미,빅터한,이관용,강성욱,미쓰리는 알고있다,신현준 전참시,천인우 이가흔,롯데정보통신,탁재훈,김광섭,종부세,최강욱,김어준
2020-07-09 14:00:00,신현준,신현준 매니저,우리 사랑했을까,알서포트,만시지탄,고은아,진워렌버핏,은수미,이관용,빅터한,강성욱,미쓰리는 알고있다,신현준 전참시,천인우 이가흔,탁재훈,롯데정보통신,김광섭,종부세,최강욱,김어준
2020-07-09 14:01:00,신현준,신현준 매니저,우리 사랑했을까,알서포트,만시지탄,고은아,진워렌버핏,은수미,이관용,빅터한,강성욱,미쓰리는 알고있다,신현준 전참시,천인우 이가흔,탁재훈,김광섭,종부세,최강욱,김어준,미 비포 유
2020-07-09 14:02:00,신현준,신현준 매니저,우리 사랑했을까,알서포트,만시지탄,고은아,진워렌버핏,은수미,이관용,빅터한,강성욱,미쓰리는 알고있다,신현준 전참시,천인우 이가흔,탁재훈,김광섭,종부세,김어준,최강욱,미 비포 유
2020-07-09 14:03:00,신현준,신현준 매니저,우리 사랑했을까,알서포트,만시지탄,진워렌버핏,고은아,은수미,이관용,빅터한,미쓰리는 알고있다,강성욱,신현준 전참시,천인우 이가흔,탁재훈,김광섭,종부세,김어준,최강욱,미 비포 유
2020-07-09 14:04:00,신현준,신현준 매니저,우리 사랑했을까,알서포트,만시지탄,진워렌버핏,고은아,은수미,이관용,빅터한,미쓰리는 알고있다,강성욱,신현준 전참시,천인우 이가흔,탁재훈,김광섭,종부세,김어준,최강욱,미 비포 유
2020-07-09 14:05:00,신현준,신현준 매니저,우리 사랑했을까,알서포트,만시지탄,은수미,고은아,진워렌버핏,이관용,빅터한,미쓰리는 알고있다,신현준 전참시,강성욱,천인우 이가흔,탁재훈,김광섭,종부세,김어준,최강욱,미 비포 유
2020-07-09 14:06:00,신현준,신현준 매니저,우리 사랑했을까,알서포트,만시지탄,은수미,고은아,진워렌버핏,이관용,미쓰리는 알고있다,빅터한,신현준 전참시,강성욱,천인우 이가흔,탁재훈,김광섭,종부세,김어준,최강욱,미 비포 유
2020-07-09 14:07:00,신현준,신현준 매니저,우리 사랑했을까,알서포트,만시지탄,은수미,고은아,진워렌버핏,이관용,미쓰리는 알고있다,빅터한,신현준 전참시,강성욱,천인우 이가흔,탁재훈,김광섭,종부세,김어준,최강욱,데이타솔루션
2020-07-09 14:08:00,신현준,신현준 매니저,우리 사랑했을까,알서포트,만시지탄,은수미,고은아,진워렌버핏,이관용,미쓰리는 알고있다,빅터한,신현준 전참시,강성욱,천인우 이가흔,탁재훈,김광섭,종부세,김어준,최강욱,데이타솔루션
2020-07-09 14:09:00,신현준,신현준 매니저,우리 사랑했을까,알서포트,만시지탄,은수미,고은아,진워렌버핏,미쓰리는 알고있다,이관용,신현준 전참시,빅터한,강성욱,천인우 이가흔,탁재훈,김광섭,종부세,김어준,최강욱,데이타솔루션
2020-07-09 14:10:00,신현준,신현준 매니저,우리 사랑했을까,알서포트,만시지탄,은수미,고은아,미쓰리는 알고있다,진워렌버핏,이관용,신현준 전참시,빅터한,강성욱,천인우 이가흔,탁재훈,김광섭,롯데정보통신,종부세,김어준,최강욱
2020-07-09 14:11:00,신현준,신현준 매니저,우리 사랑했을까,알서포트,만시지탄,은수미,미쓰리는 알고있다,고은아,진워렌버핏,이관용,빅터한,강성욱,천인우 이가흔,탁재훈,김광섭,롯데정보통신,종부세,김어준,최강욱,데이타솔루션
2020-07-09 14:12:00,신현준,신현준 매니저,우리 사랑했을까,알서포트,만시지탄,은수미,미쓰리는 알고있다,고은아,진워렌버핏,이관용,빅터한,강성욱,천인우 이가흔,탁재훈,김광섭,롯데정보통신,종부세,김어준,최강욱,데이타솔루션
2020-07-09 14:13:00,신현준,신현준 매니저,우리 사랑했을까,알서포트,만시지탄,은수미,미쓰리는 알고있다,진워렌버핏,고은아,이관용,신현준 전참시,빅터한,강성욱,천인우 이가흔,탁재훈,김광섭,롯데정보통신,종부세,김어준,최강욱
2020-07-09 14:14:00,신현준,신현준 매니저,우리 사랑했을까,알서포트,만시지탄,은수미,미쓰리는 알고있다,진워렌버핏,고은아,이관용,신현준 전참시,빅터한,강성욱,천인우 이가흔,탁재훈,김광섭,롯데정보통신,종부세,김어준,최강욱
2020-07-09 14:15:00,신현준,신현준 매니저,우리 사랑했을까,알서포트,만시지탄,미쓰리는 알고있다,은수미,신현준 전참시,이관용,고은아,빅터한,진워렌버핏,강성욱,천인우 이가흔,탁재훈,김광섭,롯데정보통신,종부세,김어준,최강욱
2020-07-09 14:16:00,신현준,신현준 매니저,우리 사랑했을까,알서포트,만시지탄,미쓰리는 알고있다,은수미,신현준 전참시,이관용,고은아,빅터한,진워렌버핏,강성욱,천인우 이가흔,탁재훈,김광섭,롯데정보통신,종부세,최강욱,김어준
2020-07-09 14:17:00,신현준,신현준 매니저,우리 사랑했을까,알서포트,만시지탄,미쓰리는 알고있다,은수미,신현준 전참시,이관용,고은아,빅터한,진워렌버핏,강성욱,천인우 이가흔,탁재훈,김광섭,롯데정보통신,종부세,최강욱,김어준
2020-07-09 14:18:00,신현준,신현준 매니저,우리 사랑했을까,알서포트,만시지탄,미쓰리는 알고있다,은수미,신현준 전참시,이관용,고은아,빅터한,진워렌버핏,강성욱,천인우 이가흔,김광섭,탁재훈,롯데정보통신,종부세,최강욱,김어준
2020-07-09 14:19:00,신현준,신현준 매니저,우리 사랑했을까,알서포트,미쓰리는 알고있다,만시지탄,은수미,이관용,고은아,빅터한,진워렌버핏,강성욱,천인우 이가흔,김광섭,탁재훈,롯데정보통신,종부세,최강욱,김어준,데이타솔루션
2020-07-09 14:20:00,신현준,신현준 매니저,우리 사랑했을까,알서포트,미쓰리는 알고있다,만시지탄,은수미,이관용,고은아,빅터한,진워렌버핏,강성욱,천인우 이가흔,김광섭,탁재훈,롯데정보통신,종부세,최강욱,김어준,데이타솔루션
2020-07-09 14:21:00,신현준,신현준 매니저,우리 사랑했을까,알서포트,미쓰리는 알고있다,만시지탄,은수미,신현준 전참시,이관용,고은아,진워렌버핏,강성욱,빅터한,김광섭,천인우 이가흔,탁재훈,롯데정보통신,종부세,최강욱,데이타솔루션
2020-07-09 14:22:00,신현준,신현준 매니저,우리 사랑했을까,알서포트,미쓰리는 알고있다,만시지탄,은수미,신현준 전참시,이관용,고은아,진워렌버핏,강성욱,김광섭,천인우 이가흔,탁재훈,빅터한,롯데정보통신,종부세,최강욱,데이타솔루션
2020-07-09 14:23:00,신현준,신현준 매니저,우리 사랑했을까,알서포트,미쓰리는 알고있다,만시지탄,은수미,이관용,고은아,진워렌버핏,강성욱,김광섭,천인우 이가흔,탁재훈,롯데정보통신,빅터한,종부세,데이타솔루션,최강욱,이혁진
2020-07-09 14:24:00,신현준,신현준 매니저,우리 사랑했을까,알서포트,미쓰리는 알고있다,만시지탄,은수미,이관용,고은아,진워렌버핏,강성욱,김광섭,천인우 이가흔,탁재훈,롯데정보통신,종부세,이혁진,빅터한,데이타솔루션,최강욱
2020-07-09 14:25:00,신현준,신현준 매니저,우리 사랑했을까,알서포트,미쓰리는 알고있다,만시지탄,은수미,이관용,고은아,진워렌버핏,강성욱,김광섭,천인우 이가흔,탁재훈,롯데정보통신,이혁진,종부세,빅터한,데이타솔루션,길티 플레저
2020-07-09 14:26:00,신현준,신현준 매니저,우리 사랑했을까,알서포트,미쓰리는 알고있다,만시지탄,은수미,이관용,고은아,강성욱,김광섭,진워렌버핏,천인우 이가흔,탁재훈,이혁진,롯데정보통신,종부세,빅터한,최강욱,데이타솔루션
2020-07-09 14:27:00,신현준,신현준 매니저,우리 사랑했을까,알서포트,미쓰리는 알고있다,만시지탄,신현준 전참시,은수미,이관용,강성욱,고은아,김광섭,진워렌버핏,이혁진,천인우 이가흔,탁재훈,롯데정보통신,종부세,최강욱,빅터한
2020-07-09 14:28:00,신현준,신현준 매니저,우리 사랑했을까,알서포트,미쓰리는 알고있다,만시지탄,신현준 전참시,은수미,이관용,강성욱,고은아,김광섭,이혁진,진워렌버핏,천인우 이가흔,탁재훈,롯데정보통신,종부세,최강욱,길티 플레저
2020-07-09 14:29:00,신현준,신현준 매니저,우리 사랑했을까,알서포트,미쓰리는 알고있다,만시지탄,은수미,이관용,강성욱,고은아,김광섭,이혁진,진워렌버핏,천인우 이가흔,롯데정보통신,종부세,탁재훈,최강욱,길티 플레저,빅터한
2020-07-09 14:30:00,신현준,신현준 매니저,우리 사랑했을까,미쓰리는 알고있다,알서포트,만시지탄,은수미,이관용,강성욱,고은아,김광섭,이혁진,진워렌버핏,천인우 이가흔,롯데정보통신,종부세,탁재훈,길티 플레저,최강욱,빅터한
2020-07-09 14:31:00,신현준,신현준 매니저,우리 사랑했을까,미쓰리는 알고있다,알서포트,만시지탄,은수미,이관용,강성욱,김광섭,고은아,이혁진,진워렌버핏,천인우 이가흔,롯데정보통신,종부세,길티 플레저,최강욱,탁재훈,빅터한
2020-07-09 14:32:00,신현준,신현준 매니저,우리 사랑했을까,미쓰리는 알고있다,알서포트,신현준 전참시,만시지탄,은수미,이관용,강성욱,김광섭,고은아,이혁진,진워렌버핏,천인우 이가흔,롯데정보통신,종부세,길티 플레저,최강욱,빅터한
2020-07-09 14:33:00,신현준,신현준 매니저,미쓰리는 알고있다,우리 사랑했을까,알서포트,만시지탄,은수미,이관용,강성욱,김광섭,고은아,이혁진,진워렌버핏,천인우 이가흔,롯데정보통신,종부세,길티 플레저,최강욱,빅터한,데이타솔루션
2020-07-09 14:34:00,신현준,신현준 매니저,미쓰리는 알고있다,우리 사랑했을까,알서포트,만시지탄,은수미,이관용,강성욱,김광섭,고은아,이혁진,진워렌버핏,천인우 이가흔,롯데정보통신,길티 플레저,종부세,최강욱,데이타솔루션,탁재훈
2020-07-09 14:35:00,신현준,신현준 매니저,미쓰리는 알고있다,우리 사랑했을까,알서포트,만시지탄,은수미,이관용,강성욱,김광섭,이혁진,고은아,천인우 이가흔,진워렌버핏,롯데정보통신,길티 플레저,종부세,최강욱,데이타솔루션,탁재훈
2020-07-09 14:36:00,신현준,신현준 매니저,미쓰리는 알고있다,우리 사랑했을까,알서포트,만시지탄,은수미,이관용,강성욱,김광섭,이혁진,고은아,천인우 이가흔,진워렌버핏,롯데정보통신,길티 플레저,종부세,최강욱,데이타솔루션,탁재훈
2020-07-09 14:37:00,신현준,신현준 매니저,미쓰리는 알고있다,우리 사랑했을까,알서포트,만시지탄,이관용,은수미,강성욱,김광섭,이혁진,고은아,천인우 이가흔,진워렌버핏,롯데정보통신,길티 플레저,종부세,데이타솔루션,최강욱,김어준
2020-07-09 14:38:00,신현준,신현준 매니저,미쓰리는 알고있다,우리 사랑했을까,알서포트,이관용,만시지탄,은수미,강성욱,김광섭,이혁진,고은아,천인우 이가흔,진워렌버핏,롯데정보통신,길티 플레저,종부세,데이타솔루션,최강욱,김어준
2020-07-09 14:39:00,신현준,신현준 매니저,미쓰리는 알고있다,우리 사랑했을까,알서포트,이관용,만시지탄,은수미,강성욱,김광섭,이혁진,고은아,천인우 이가흔,진워렌버핏,롯데정보통신,길티 플레저,종부세,데이타솔루션,최강욱,김어준
2020-07-09 14:40:00,신현준,신현준 매니저,미쓰리는 알고있다,우리 사랑했을까,알서포트,이관용,만시지탄,은수미,강성욱,김광섭,이혁진,천인우 이가흔,진워렌버핏,고은아,길티 플레저,롯데정보통신,종부세,데이타솔루션,최강욱,오픈베이스
2020-07-09 14:41:00,신현준,신현준 매니저,미쓰리는 알고있다,우리 사랑했을까,알서포트,이관용,만시지탄,은수미,강성욱,김광섭,이혁진,천인우 이가흔,진워렌버핏,고은아,길티 플레저,롯데정보통신,종부세,데이타솔루션,오픈베이스,김어준
2020-07-09 14:42:00,신현준,신현준 매니저,미쓰리는 알고있다,우리 사랑했을까,알서포트,이관용,은수미,만시지탄,강성욱,김광섭,이혁진,천인우 이가흔,진워렌버핏,길티 플레저,고은아,롯데정보통신,종부세,데이타솔루션,오픈베이스,미 비포 유
2020-07-09 14:43:00,신현준,신현준 매니저,미쓰리는 알고있다,우리 사랑했을까,알서포트,신현준 전참시,이관용,은수미,만시지탄,강성욱,김광섭,이혁진,천인우 이가흔,진워렌버핏,길티 플레저,고은아,롯데정보통신,종부세,데이타솔루션,미 비포 유
2020-07-09 14:44:00,신현준,신현준 매니저,미쓰리는 알고있다,우리 사랑했을까,알서포트,신현준 전참시,이관용,만시지탄,은수미,강성욱,김광섭,이혁진,천인우 이가흔,길티 플레저,진워렌버핏,고은아,롯데정보통신,종부세,데이타솔루션,미 비포 유
2020-07-09 14:45:00,신현준,신현준 매니저,미쓰리는 알고있다,신현준 전참시,알서포트,우리 사랑했을까,이관용,만시지탄,은수미,강성욱,김광섭,이혁진,길티 플레저,진워렌버핏,천인우 이가흔,고은아,종부세,데이타솔루션,비밀,미 비포 유
2020-07-09 14:46:00,신현준,신현준 매니저,미쓰리는 알고있다,신현준 전참시,알서포트,우리 사랑했을까,만시지탄,이관용,은수미,강성욱,김광섭,이혁진,길티 플레저,천인우 이가흔,고은아,진워렌버핏,종부세,데이타솔루션,비밀,미 비포 유
2020-07-09 14:47:00,신현준,신현준 매니저,미쓰리는 알고있다,신현준 전참시,알서포트,우리 사랑했을까,이관용,만시지탄,은수미,강성욱,김광섭,이혁진,길티 플레저,천인우 이가흔,고은아,진워렌버핏,비밀,종부세,데이타솔루션,미 비포 유
2020-07-09 14:48:00,신현준,신현준 매니저,미쓰리는 알고있다,신현준 전참시,알서포트,우리 사랑했을까,만시지탄,이관용,은수미,강성욱,김광섭,이혁진,길티 플레저,천인우 이가흔,비밀,진워렌버핏,고은아,종부세,데이타솔루션,미 비포 유
2020-07-09 14:49:00,신현준,신현준 매니저,미쓰리는 알고있다,신현준 전참시,알서포트,우리 사랑했을까,이관용,만시지탄,은수미,강성욱,김광섭,이혁진,길티 플레저,비밀,천인우 이가흔,진워렌버핏,고은아,종부세,데이타솔루션,미 비포 유
2020-07-09 14:50:00,신현준,신현준 매니저,미쓰리는 알고있다,신현준 전참시,알서포트,우리 사랑했을까,만시지탄,이관용,은수미,강성욱,김광섭,이혁진,비밀,길티 플레저,천인우 이가흔,진워렌버핏,고은아,종부세,데이타솔루션,미 비포 유
2020-07-09 14:51:00,신현준,신현준 매니저,미쓰리는 알고있다,신현준 전참시,알서포트,우리 사랑했을까,만시지탄,이관용,은수미,강성욱,김광섭,이혁진,비밀,길티 플레저,천인우 이가흔,진워렌버핏,고은아,종부세,미 비포 유,데이타솔루션
2020-07-09 14:52:00,신현준,신현준 매니저,미쓰리는 알고있다,신현준 전참시,알서포트,우리 사랑했을까,만시지탄,이관용,은수미,김광섭,강성욱,이혁진,비밀,길티 플레저,진워렌버핏,천인우 이가흔,고은아,종부세,미 비포 유,데이타솔루션
2020-07-09 14:53:00,신현준,신현준 매니저,미쓰리는 알고있다,신현준 전참시,알서포트,만시지탄,이관용,우리 사랑했을까,은수미,강성욱,김광섭,비밀,이혁진,길티 플레저,진워렌버핏,고은아,천인우 이가흔,종부세,미 비포 유,국보
2020-07-09 14:54:00,신현준,신현준 매니저,미쓰리는 알고있다,신현준 전참시,알서포트,만시지탄,이관용,우리 사랑했을까,은수미,김광섭,강성욱,비밀,이혁진,길티 플레저,진워렌버핏,천인우 이가흔,고은아,종부세,미 비포 유,국보
2020-07-09 14:55:00,신현준,신현준 매니저,미쓰리는 알고있다,신현준 전참시,알서포트,만시지탄,이관용,우리 사랑했을까,은수미,김광섭,강성욱,비밀,이혁진,길티 플레저,진워렌버핏,고은아,천인우 이가흔,종부세,미 비포 유,국보
2020-07-09 14:56:00,신현준,신현준 매니저,미쓰리는 알고있다,신현준 전참시,만시지탄,알서포트,이관용,은수미,우리 사랑했을까,김광섭,강성욱,비밀,이혁진,길티 플레저,진워렌버핏,천인우 이가흔,고은아,종부세,미 비포 유,국보
2020-07-09 14:57:00,신현준,신현준 매니저,미쓰리는 알고있다,신현준 전참시,만시지탄,알서포트,이관용,은수미,우리 사랑했을까,김광섭,강성욱,비밀,이혁진,길티 플레저,진워렌버핏,고은아,천인우 이가흔,종부세,미 비포 유,영화 비밀
2020-07-09 14:58:00,신현준,신현준 매니저,미쓰리는 알고있다,신현준 전참시,만시지탄,이관용,알서포트,은수미,강성욱,김광섭,우리 사랑했을까,비밀,이혁진,길티 플레저,진워렌버핏,고은아,천인우 이가흔,미 비포 유,종부세,영화 비밀
2020-07-09 14:59:00,신현준,신현준 매니저,미쓰리는 알고있다,신현준 전참시,만시지탄,이관용,알서포트,은수미,강성욱,김광섭,우리 사랑했을까,비밀,이혁진,길티 플레저,진워렌버핏,고은아,영화 비밀,천인우 이가흔,종부세,미 비포 유
2020-07-09 15:00:00,신현준,신현준 매니저,미쓰리는 알고있다,신현준 전참시,만시지탄,이관용,알서포트,은수미,강성욱,김광섭,비밀,우리 사랑했을까,이혁진,길티 플레저,영화 비밀,진워렌버핏,고은아,미 비포 유,천인우 이가흔,종부세
2020-07-09 15:01:00,신현준,신현준 매니저,미쓰리는 알고있다,신현준 전참시,만시지탄,이관용,알서포트,은수미,비밀,강성욱,김광섭,우리 사랑했을까,이혁진,길티 플레저,영화 비밀,미 비포 유,진워렌버핏,고은아,천인우 이가흔,종부세
2020-07-09 15:02:00,신현준,신현준 매니저,미쓰리는 알고있다,신현준 전참시,만시지탄,이관용,알서포트,비밀,은수미,강성욱,김광섭,우리 사랑했을까,이혁진,길티 플레저,영화 비밀,미 비포 유,진워렌버핏,고은아,천인우 이가흔,종부세
2020-07-09 15:03:00,신현준,신현준 매니저,미쓰리는 알고있다,신현준 전참시,만시지탄,비밀,이관용,알서포트,은수미,강성욱,김광섭,이혁진,우리 사랑했을까,길티 플레저,영화 비밀,미 비포 유,진워렌버핏,고은아,종부세,천인우 이가흔
2020-07-09 15:04:00,신현준,신현준 매니저,미쓰리는 알고있다,신현준 전참시,비밀,만시지탄,이관용,알서포트,은수미,강성욱,김광섭,이혁진,영화 비밀,길티 플레저,우리 사랑했을까,미 비포 유,진워렌버핏,고은아,종부세,천인우 이가흔
2020-07-09 15:05:00,신현준,신현준 매니저,미쓰리는 알고있다,신현준 전참시,비밀,만시지탄,이관용,알서포트,은수미,강성욱,김광섭,이혁진,영화 비밀,길티 플레저,우리 사랑했을까,미 비포 유,진워렌버핏,고은아,종부세,천인우 이가흔
2020-07-09 15:06:00,신현준,신현준 매니저,미쓰리는 알고있다,신현준 전참시,비밀,만시지탄,이관용,알서포트,은수미,강성욱,김광섭,영화 비밀,이혁진,길티 플레저,우리 사랑했을까,미 비포 유,고은아,종부세,천인우 이가흔,최강욱
2020-07-09 15:07:00,신현준,신현준 매니저,미쓰리는 알고있다,신현준 전참시,비밀,만시지탄,이관용,알서포트,은수미,강성욱,김광섭,영화 비밀,이혁진,길티 플레저,미 비포 유,우리 사랑했을까,고은아,최강욱,천인우 이가흔,종부세
2020-07-09 15:08:00,신현준,신현준 매니저,미쓰리는 알고있다,신현준 전참시,비밀,만시지탄,이관용,알서포트,은수미,강성욱,김광섭,영화 비밀,이혁진,길티 플레저,미 비포 유,우리 사랑했을까,고은아,최강욱,종부세,천인우 이가흔
2020-07-09 15:09:00,신현준,신현준 매니저,미쓰리는 알고있다,신현준 전참시,비밀,만시지탄,이관용,알서포트,은수미,강성욱,김광섭,영화 비밀,이혁진,길티 플레저,미 비포 유,우리 사랑했을까,고은아,최강욱,종부세,천인우 이가흔
2020-07-09 15:10:00,신현준,신현준 매니저,미쓰리는 알고있다,비밀,신현준 전참시,만시지탄,이관용,알서포트,은수미,강성욱,김광섭,영화 비밀,이혁진,길티 플레저,미 비포 유,고은아,최강욱,종부세,천인우 이가흔,진워렌버핏
2020-07-09 15:11:00,신현준,신현준 매니저,미쓰리는 알고있다,비밀,신현준 전참시,만시지탄,이관용,알서포트,은수미,강성욱,김광섭,영화 비밀,이혁진,길티 플레저,미 비포 유,고은아,최강욱,종부세,진워렌버핏,천인우 이가흔
2020-07-09 15:12:00,신현준,신현준 매니저,미쓰리는 알고있다,비밀,신현준 전참시,만시지탄,이관용,알서포트,은수미,강성욱,김광섭,영화 비밀,이혁진,길티 플레저,미 비포 유,고은아,최강욱,종부세,진워렌버핏,천인우 이가흔
2020-07-09 15:13:00,신현준,신현준 매니저,미쓰리는 알고있다,비밀,신현준 전참시,만시지탄,알서포트,이관용,강성욱,은수미,김광섭,영화 비밀,이혁진,길티 플레저,미 비포 유,고은아,최강욱,진워렌버핏,종부세,천인우 이가흔
2020-07-09 15:14:00,신현준,신현준 매니저,미쓰리는 알고있다,비밀,신현준 전참시,만시지탄,알서포트,이관용,강성욱,은수미,김광섭,영화 비밀,이혁진,길티 플레저,미 비포 유,고은아,최강욱,진워렌버핏,천인우 이가흔,종부세
2020-07-09 15:15:00,신현준,신현준 매니저,미쓰리는 알고있다,비밀,신현준 전참시,알서포트,만시지탄,이관용,강성욱,은수미,김광섭,영화 비밀,이혁진,길티 플레저,미 비포 유,고은아,최강욱,진워렌버핏,천인우 이가흔,종부세
2020-07-09 15:16:00,신현준,신현준 매니저,미쓰리는 알고있다,비밀,신현준 전참시,알서포트,만시지탄,이관용,강성욱,은수미,김광섭,영화 비밀,이혁진,길티 플레저,미 비포 유,고은아,최강욱,천인우 이가흔,종부세,배윤경
2020-07-09 15:17:00,신현준,신현준 매니저,비밀,미쓰리는 알고있다,신현준 전참시,만시지탄,알서포트,이관용,강성욱,은수미,김광섭,영화 비밀,이혁진,길티 플레저,미 비포 유,최강욱,고은아,천인우 이가흔,종부세,배윤경
2020-07-09 15:18:00,신현준,신현준 매니저,비밀,미쓰리는 알고있다,신현준 전참시,만시지탄,알서포트,이관용,강성욱,김광섭,은수미,영화 비밀,이혁진,길티 플레저,미 비포 유,최강욱,천인우 이가흔,고은아,종부세,배윤경
2020-07-09 15:19:00,신현준,신현준 매니저,미쓰리는 알고있다,신현준 전참시,만시지탄,알서포트,이관용,강성욱,김광섭,은수미,영화 비밀,길티 플레저,이혁진,미 비포 유,최강욱,천인우 이가흔,고은아,배윤경,종부세,진워렌버핏
2020-07-09 15:20:00,신현준,신현준 매니저,미쓰리는 알고있다,신현준 전참시,알서포트,만시지탄,이관용,강성욱,김광섭,영화 비밀,은수미,길티 플레저,이혁진,미 비포 유,최강욱,천인우 이가흔,고은아,배윤경,종부세,진워렌버핏
2020-07-09 15:21:00,신현준,신현준 매니저,미쓰리는 알고있다,신현준 전참시,알서포트,만시지탄,이관용,강성욱,은수미,영화 비밀,김광섭,길티 플레저,이혁진,미 비포 유,천인우 이가흔,최강욱,고은아,배윤경,종부세,진워렌버핏
2020-07-09 15:22:00,신현준,신현준 매니저,미쓰리는 알고있다,신현준 전참시,알서포트,만시지탄,이관용,강성욱,은수미,영화 비밀,김광섭,길티 플레저,미 비포 유,최강욱,천인우 이가흔,고은아,이혁진,배윤경,종부세,진워렌버핏
2020-07-09 15:23:00,신현준,신현준 매니저,미쓰리는 알고있다,신현준 전참시,알서포트,만시지탄,이관용,강성욱,은수미,영화 비밀,김광섭,길티 플레저,미 비포 유,최강욱,천인우 이가흔,고은아,진워렌버핏,김어준,종부세,배윤경
2020-07-09 15:24:00,신현준,신현준 매니저,미쓰리는 알고있다,신현준 전참시,알서포트,만시지탄,이관용,강성욱,은수미,영화 비밀,김광섭,길티 플레저,미 비포 유,최강욱,천인우 이가흔,고은아,진워렌버핏,김어준,종부세,배윤경
2020-07-09 15:25:00,신현준,신현준 매니저,미쓰리는 알고있다,신현준 전참시,알서포트,만시지탄,이관용,강성욱,은수미,영화 비밀,김광섭,길티 플레저,미 비포 유,최강욱,천인우 이가흔,고은아,진워렌버핏,종부세,김어준,배윤경
2020-07-09 15:26:00,신현준,신현준 매니저,미쓰리는 알고있다,신현준 전참시,알서포트,만시지탄,이관용,강성욱,은수미,영화 비밀,김광섭,길티 플레저,미 비포 유,최강욱,천인우 이가흔,고은아,김어준,배윤경,종부세,진워렌버핏
2020-07-09 15:27:00,신현준,신현준 매니저,신현준 전참시,미쓰리는 알고있다,알서포트,만시지탄,이관용,은수미,영화 비밀,김광섭,강성욱,길티 플레저,미 비포 유,최강욱,고은아,천인우 이가흔,김어준,종부세,배윤경,진워렌버핏
2020-07-09 15:28:00,신현준,신현준 매니저,신현준 전참시,미쓰리는 알고있다,알서포트,만시지탄,이관용,은수미,영화 비밀,김광섭,강성욱,길티 플레저,미 비포 유,최강욱,고은아,천인우 이가흔,김어준,종부세,배윤경,진워렌버핏
2020-07-09 15:29:00,신현준,신현준 매니저,신현준 전참시,미쓰리는 알고있다,알서포트,만시지탄,이관용,은수미,영화 비밀,김광섭,강성욱,길티 플레저,미 비포 유,최강욱,고은아,천인우 이가흔,김어준,종부세,배윤경,진워렌버핏
2020-07-09 15:30:00,신현준,신현준 매니저,신현준 전참시,알서포트,만시지탄,미쓰리는 알고있다,이관용,강성욱,은수미,영화 비밀,김광섭,길티 플레저,김정민,미 비포 유,최강욱,천인우 이가흔,고은아,김어준,종부세,배윤경
2020-07-09 15:31:00,신현준,신현준 매니저,비밀,신현준 전참시,알서포트,만시지탄,미쓰리는 알고있다,이관용,강성욱,은수미,영화 비밀,김광섭,김정민,길티 플레저,최강욱,미 비포 유,김어준,천인우 이가흔,고은아,종부세
2020-07-09 15:32:00,신현준,신현준 매니저,비밀,신현준 전참시,알서포트,만시지탄,강성욱,이관용,미쓰리는 알고있다,은수미,영화 비밀,김정민,김광섭,길티 플레저,최강욱,김어준,미 비포 유,천인우 이가흔,고은아,종부세
2020-07-09 15:33:00,신현준,신현준 매니저,비밀,신현준 전참시,만시지탄,알서포트,강성욱,이관용,미쓰리는 알고있다,은수미,영화 비밀,김정민,김광섭,길티 플레저,최강욱,김어준,천인우 이가흔,미 비포 유,고은아,종부세
2020-07-09 15:34:00,신현준,신현준 매니저,비밀,신현준 전참시,알서포트,만시지탄,강성욱,이관용,은수미,미쓰리는 알고있다,김정민,영화 비밀,김광섭,길티 플레저,최강욱,김어준,천인우 이가흔,고은아,미 비포 유,종부세
2020-07-09 15:35:00,신현준,신현준 매니저,신현준 전참시,만시지탄,알서포트,이관용,강성욱,김정민,은수미,미쓰리는 알고있다,영화 비밀,김광섭,길티 플레저,김어준,최강욱,천인우 이가흔,고은아,미 비포 유,종부세,진워렌버핏
2020-07-09 15:36:00,신현준,신현준 매니저,만시지탄,신현준 전참시,알서포트,이관용,강성욱,김정민,은수미,영화 비밀,미쓰리는 알고있다,김광섭,길티 플레저,최강욱,김어준,천인우 이가흔,고은아,미 비포 유,종부세,아미코젠
2020-07-09 15:37:00,신현준,신현준 매니저,신현준 전참시,만시지탄,알서포트,이관용,강성욱,김정민,은수미,영화 비밀,미쓰리는 알고있다,김광섭,길티 플레저,최강욱,김어준,천인우 이가흔,고은아,미 비포 유,종부세,아미코젠
2020-07-09 15:38:00,신현준,신현준 매니저,신현준 전참시,만시지탄,알서포트,이관용,김정민,강성욱,은수미,영화 비밀,미쓰리는 알고있다,김광섭,길티 플레저,최강욱,김어준,천인우 이가흔,고은아,미 비포 유,종부세,아미코젠
2020-07-09 15:39:00,신현준,신현준 매니저,비밀,신현준 전참시,만시지탄,알서포트,김정민,이관용,강성욱,은수미,영화 비밀,미쓰리는 알고있다,김광섭,길티 플레저,최강욱,김어준,천인우 이가흔,고은아,종부세,미 비포 유
2020-07-09 15:40:00,신현준,신현준 매니저,비밀,신현준 전참시,알서포트,만시지탄,김정민,이관용,강성욱,은수미,영화 비밀,미쓰리는 알고있다,김광섭,최강욱,길티 플레저,김어준,천인우 이가흔,고은아,종부세,미 비포 유
2020-07-09 15:41:00,신현준,신현준 매니저,비밀,신현준 전참시,만시지탄,알서포트,김정민,이관용,강성욱,은수미,영화 비밀,미쓰리는 알고있다,김광섭,최강욱,길티 플레저,김어준,천인우 이가흔,고은아,종부세,아미코젠
2020-07-09 15:42:00,신현준,신현준 매니저,비밀,신현준 전참시,만시지탄,알서포트,김정민,이관용,강성욱,은수미,영화 비밀,미쓰리는 알고있다,김광섭,최강욱,길티 플레저,김어준,천인우 이가흔,고은아,종부세,아미코젠
2020-07-09 15:43:00,신현준,신현준 매니저,신현준 전참시,만시지탄,알서포트,김정민,이관용,강성욱,은수미,영화 비밀,미쓰리는 알고있다,김광섭,최강욱,길티 플레저,김어준,천인우 이가흔,고은아,종부세,아미코젠,진워렌버핏
2020-07-09 15:44:00,신현준,신현준 매니저,강성욱,신현준 전참시,알서포트,김정민,만시지탄,이관용,은수미,영화 비밀,미쓰리는 알고있다,김광섭,최강욱,길티 플레저,김어준,천인우 이가흔,고은아,종부세,아미코젠,진워렌버핏
2020-07-09 15:45:00,신현준,신현준 매니저,강성욱,김정민,알서포트,만시지탄,이관용,은수미,영화 비밀,미쓰리는 알고있다,김광섭,최강욱,길티 플레저,김어준,천인우 이가흔,고은아,종부세,아미코젠,진워렌버핏,이가흔
2020-07-09 15:46:00,신현준,신현준 매니저,강성욱,김정민,알서포트,이관용,만시지탄,은수미,영화 비밀,김광섭,미쓰리는 알고있다,최강욱,길티 플레저,김어준,천인우 이가흔,고은아,종부세,아미코젠,배윤경,진워렌버핏
2020-07-09 15:47:00,신현준,신현준 매니저,비밀,김정민,강성욱,알서포트,이관용,만시지탄,은수미,영화 비밀,김광섭,미쓰리는 알고있다,최강욱,길티 플레저,김어준,천인우 이가흔,고은아,종부세,아미코젠,배윤경
2020-07-09 15:48:00,신현준,신현준 매니저,비밀,김정민,강성욱,알서포트,이관용,만시지탄,은수미,영화 비밀,김광섭,미쓰리는 알고있다,최강욱,길티 플레저,김어준,천인우 이가흔,고은아,종부세,아미코젠,진워렌버핏
2020-07-09 15:49:00,신현준,신현준 매니저,비밀,김정민,강성욱,알서포트,이관용,만시지탄,은수미,영화 비밀,김광섭,미쓰리는 알고있다,최강욱,길티 플레저,김어준,천인우 이가흔,고은아,종부세,아미코젠,진워렌버핏
2020-07-09 15:50:00,신현준,신현준 매니저,비밀,김정민,강성욱,알서포트,이관용,만시지탄,은수미,영화 비밀,김광섭,미쓰리는 알고있다,최강욱,길티 플레저,김어준,천인우 이가흔,고은아,종부세,아미코젠,롱 리브 더 킹
2020-07-09 15:51:00,신현준,신현준 매니저,비밀,김정민,강성욱,알서포트,이관용,만시지탄,은수미,영화 비밀,김광섭,미쓰리는 알고있다,최강욱,길티 플레저,김어준,천인우 이가흔,고은아,종부세,아미코젠,롱 리브 더 킹
2020-07-09 15:52:00,신현준,신현준 매니저,김정민,비밀,강성욱,알서포트,이관용,만시지탄,은수미,영화 비밀,김광섭,최강욱,미쓰리는 알고있다,길티 플레저,김어준,천인우 이가흔,고은아,아미코젠,종부세,롱 리브 더 킹
2020-07-09 15:53:00,신현준,신현준 매니저,김정민,비밀,신현준 전참시,강성욱,알서포트,이관용,만시지탄,은수미,영화 비밀,김광섭,최강욱,미쓰리는 알고있다,길티 플레저,김어준,천인우 이가흔,종부세,고은아,아미코젠
2020-07-09 15:54:00,신현준,신현준 매니저,김정민,비밀,신현준 전참시,강성욱,알서포트,이관용,만시지탄,은수미,영화 비밀,김광섭,최강욱,미쓰리는 알고있다,길티 플레저,김어준,천인우 이가흔,고은아,종부세,아미코젠
2020-07-09 15:55:00,신현준,신현준 매니저,김정민,강성욱,알서포트,이관용,만시지탄,은수미,영화 비밀,김광섭,최강욱,길티 플레저,김어준,미쓰리는 알고있다,천인우 이가흔,고은아,종부세,아미코젠,롱 리브 더 킹,우리 사랑했을까
2020-07-09 15:56:00,신현준,신현준 매니저,김정민,강성욱,알서포트,이관용,만시지탄,은수미,김광섭,영화 비밀,최강욱,길티 플레저,김어준,천인우 이가흔,미쓰리는 알고있다,종부세,고은아,아미코젠,솔지,롱 리브 더 킹
2020-07-09 15:57:00,신현준,신현준 매니저,김정민,강성욱,이관용,알서포트,만시지탄,은수미,김광섭,영화 비밀,최강욱,길티 플레저,김어준,천인우 이가흔,미쓰리는 알고있다,종부세,고은아,아미코젠,솔지,롱 리브 더 킹
2020-07-09 15:58:00,신현준,신현준 매니저,김정민,신현준 전참시,알서포트,이관용,강성욱,만시지탄,은수미,김광섭,영화 비밀,최강욱,김어준,길티 플레저,천인우 이가흔,솔지,미쓰리는 알고있다,고은아,아미코젠,종부세
2020-07-09 15:59:00,신현준,신현준 매니저,김정민,알서포트,이관용,강성욱,만시지탄,은수미,김광섭,영화 비밀,최강욱,김어준,길티 플레저,천인우 이가흔,솔지,미쓰리는 알고있다,아미코젠,고은아,종부세,이가흔
2020-07-09 16:00:00,신현준,신현준 매니저,김정민,알서포트,이관용,강성욱,만시지탄,은수미,김광섭,영화 비밀,최강욱,김어준,길티 플레저,솔지,천인우 이가흔,고은아,아미코젠,종부세,미쓰리는 알고있다,뮤 아크엔젤
2020-07-09 16:01:00,신현준,신현준 매니저,김정민,이관용,알서포트,강성욱,만시지탄,은수미,김광섭,영화 비밀,최강욱,김어준,길티 플레저,솔지,천인우 이가흔,고은아,종부세,아미코젠,미쓰리는 알고있다,뮤 아크엔젤
2020-07-09 16:02:00,신현준,신현준 매니저,김정민,이관용,알서포트,강성욱,만시지탄,은수미,김광섭,영화 비밀,최강욱,김어준,길티 플레저,솔지,천인우 이가흔,고은아,종부세,아미코젠,뮤 아크엔젤,미쓰리는 알고있다
2020-07-09 16:03:00,신현준,신현준 매니저,김정민,신현준 전참시,이관용,알서포트,강성욱,비밀,만시지탄,김광섭,은수미,영화 비밀,최강욱,김어준,길티 플레저,솔지,천인우 이가흔,고은아,종부세,뮤 아크엔젤
2020-07-09 16:04:00,신현준,신현준 매니저,김정민,신현준 전참시,이관용,알서포트,강성욱,만시지탄,비밀,김광섭,은수미,영화 비밀,최강욱,김어준,길티 플레저,솔지,천인우 이가흔,고은아,뮤 아크엔젤,종부세
2020-07-09 16:05:00,신현준,신현준 매니저,김정민,이관용,알서포트,강성욱,만시지탄,비밀,김광섭,은수미,영화 비밀,김어준,길티 플레저,최강욱,솔지,천인우 이가흔,고은아,종부세,아미코젠,미쓰리는 알고있다
2020-07-09 16:06:00,신현준,신현준 매니저,김정민,이관용,알서포트,강성욱,만시지탄,비밀,김광섭,은수미,영화 비밀,김어준,길티 플레저,최강욱,솔지,천인우 이가흔,고은아,종부세,아미코젠,미쓰리는 알고있다
2020-07-09 16:07:00,신현준,신현준 매니저,김정민,이관용,알서포트,강성욱,만시지탄,비밀,김광섭,은수미,영화 비밀,김어준,길티 플레저,최강욱,솔지,천인우 이가흔,고은아,종부세,아미코젠,배윤경
2020-07-09 16:08:00,신현준,신현준 매니저,김정민,이관용,알서포트,강성욱,만시지탄,비밀,김광섭,은수미,영화 비밀,김어준,길티 플레저,최강욱,솔지,천인우 이가흔,고은아,종부세,아미코젠,배윤경
2020-07-09 16:09:00,신현준,신현준 매니저,김정민,이관용,알서포트,강성욱,만시지탄,김광섭,비밀,은수미,영화 비밀,김어준,길티 플레저,최강욱,솔지,천인우 이가흔,고은아,종부세,아미코젠,배윤경
2020-07-09 16:10:00,신현준,신현준 매니저,김정민,이관용,알서포트,강성욱,만시지탄,김광섭,비밀,은수미,영화 비밀,김어준,길티 플레저,솔지,최강욱,천인우 이가흔,고은아,종부세,배윤경,아미코젠
2020-07-09 16:11:00,신현준,신현준 매니저,김정민,이관용,강성욱,알서포트,만시지탄,김광섭,비밀,은수미,김어준,영화 비밀,길티 플레저,최강욱,솔지,천인우 이가흔,라라,고은아,종부세,배윤경
2020-07-09 16:12:00,신현준,신현준 매니저,김정민,이관용,강성욱,알서포트,만시지탄,김광섭,비밀,은수미,김어준,영화 비밀,길티 플레저,최강욱,솔지,천인우 이가흔,고은아,종부세,배윤경,아미코젠
2020-07-09 16:13:00,신현준,신현준 매니저,김정민,이관용,알서포트,만시지탄,강성욱,김광섭,비밀,은수미,김어준,최강욱,영화 비밀,길티 플레저,솔지,천인우 이가흔,고은아,종부세,배윤경,미쓰리는 알고있다
2020-07-09 16:14:00,신현준,신현준 매니저,김정민,이관용,만시지탄,알서포트,강성욱,김광섭,비밀,은수미,김어준,최강욱,길티 플레저,영화 비밀,솔지,뮤 아크엔젤,천인우 이가흔,고은아,종부세,배윤경
2020-07-09 16:15:00,신현준,신현준 매니저,김정민,이관용,신현준 전참시,만시지탄,알서포트,강성욱,김광섭,비밀,은수미,김어준,최강욱,길티 플레저,솔지,영화 비밀,천인우 이가흔,라라,고은아,배윤경
2020-07-09 16:16:00,신현준,신현준 매니저,김정민,이관용,신현준 전참시,만시지탄,알서포트,강성욱,김광섭,비밀,은수미,김어준,최강욱,길티 플레저,솔지,영화 비밀,천인우 이가흔,라라,고은아,배윤경
2020-07-09 16:17:00,신현준,신현준 매니저,김정민,이관용,신현준 전참시,만시지탄,알서포트,강성욱,김광섭,은수미,비밀,김어준,최강욱,길티 플레저,솔지,뮤 아크엔젤,영화 비밀,천인우 이가흔,고은아,배윤경
2020-07-09 16:18:00,신현준,신현준 매니저,김정민,이관용,신현준 전참시,만시지탄,알서포트,강성욱,김광섭,은수미,비밀,김어준,최강욱,솔지,길티 플레저,영화 비밀,천인우 이가흔,라라,고은아,배윤경
2020-07-09 16:19:00,신현준,신현준 매니저,김정민,이관용,신현준 전참시,만시지탄,강성욱,알서포트,조세호시계가격,김광섭,은수미,비밀,김어준,최강욱,길티 플레저,솔지,포스코케미칼,영화 비밀,천인우 이가흔,라라
2020-07-09 16:20:00,신현준,신현준 매니저,김정민,이관용,신현준 전참시,만시지탄,강성욱,알서포트,김광섭,은수미,비밀,김어준,최강욱,솔지,포스코케미칼,길티 플레저,천인우 이가흔,영화 비밀,라라,수상한 그녀
2020-07-09 16:21:00,신현준,신현준 매니저,김정민,이관용,신현준 전참시,만시지탄,강성욱,알서포트,김광섭,은수미,비밀,김어준,최강욱,뮤 아크엔젤,길티 플레저,포스코케미칼,솔지,천인우 이가흔,영화 비밀,수상한 그녀
2020-07-09 16:22:00,신현준,신현준 매니저,김정민,이관용,신현준 전참시,만시지탄,강성욱,알서포트,김광섭,은수미,비밀,김어준,최강욱,뮤 아크엔젤,길티 플레저,포스코케미칼,솔지,천인우 이가흔,영화 비밀,고은아
2020-07-09 16:23:00,신현준,신현준 매니저,김정민,이관용,신현준 전참시,만시지탄,강성욱,김광섭,알서포트,은수미,비밀,김어준,최강욱,길티 플레저,포스코케미칼,천인우 이가흔,솔지,영화 비밀,수상한 그녀,고은아
2020-07-09 16:24:00,신현준,신현준 매니저,김정민,이관용,신현준 전참시,만시지탄,강성욱,김광섭,알서포트,은수미,비밀,김어준,최강욱,길티 플레저,포스코케미칼,천인우 이가흔,솔지,영화 비밀,수상한 그녀,고은아
2020-07-09 16:25:00,신현준,신현준 매니저,김정민,이관용,만시지탄,강성욱,김광섭,알서포트,은수미,비밀,김어준,최강욱,길티 플레저,천인우 이가흔,포스코케미칼,솔지,영화 비밀,수상한 그녀,고은아,배윤경
2020-07-09 16:26:00,신현준,신현준 매니저,김정민,이관용,만시지탄,강성욱,김광섭,알서포트,은수미,비밀,김어준,최강욱,길티 플레저,천인우 이가흔,포스코케미칼,솔지,영화 비밀,수상한 그녀,배윤경,우리 사랑했을까
2020-07-09 16:27:00,신현준,신현준 매니저,김정민,이관용,신현준 전참시,만시지탄,강성욱,김광섭,알서포트,은수미,비밀,김어준,최강욱,길티 플레저,천인우 이가흔,포스코케미칼,솔지,수상한 그녀,배윤경,나야 리베라
2020-07-09 16:28:00,신현준,신현준 매니저,김정민,이관용,신현준 전참시,만시지탄,강성욱,김광섭,알서포트,은수미,비밀,김어준,최강욱,길티 플레저,천인우 이가흔,포스코케미칼,솔지,수상한 그녀,배윤경,나야 리베라
2020-07-09 16:29:00,신현준,신현준 매니저,김정민,이관용,신현준 전참시,만시지탄,김광섭,강성욱,알서포트,은수미,비밀,최강욱,김어준,길티 플레저,천인우 이가흔,포스코케미칼,솔지,수상한 그녀,나야 리베라,배윤경
2020-07-09 16:30:00,신현준,신현준 매니저,김정민,신현준 전참시,이관용,만시지탄,김광섭,알서포트,강성욱,은수미,최강욱,비밀,김어준,길티 플레저,천인우 이가흔,포스코케미칼,수상한 그녀,솔지,나야 리베라,배윤경
2020-07-09 16:31:00,신현준,신현준 매니저,이관용,신현준 전참시,김정민,만시지탄,김광섭,알서포트,강성욱,은수미,비밀,최강욱,뮤 아크엔젤,김어준,길티 플레저,천인우 이가흔,수상한 그녀,나야 리베라,솔지,배윤경
2020-07-09 16:32:00,신현준,신현준 매니저,이관용,신현준 전참시,김정민,만시지탄,김광섭,알서포트,강성욱,최강욱,은수미,뮤 아크엔젤,비밀,김어준,길티 플레저,천인우 이가흔,수상한 그녀,나야 리베라,배윤경,솔지
2020-07-09 16:33:00,신현준,신현준 매니저,이관용,신현준 전참시,김정민,만시지탄,김광섭,조세호시계가격,알서포트,강성욱,최강욱,뮤 아크엔젤,은수미,비밀,김어준,길티 플레저,천인우 이가흔,나야 리베라,수상한 그녀,배윤경
2020-07-09 16:34:00,신현준,신현준 매니저,신현준 전참시,이관용,만시지탄,김광섭,김정민,알서포트,강성욱,최강욱,비밀,은수미,김어준,길티 플레저,천인우 이가흔,나야 리베라,수상한 그녀,배윤경,우리 사랑했을까,미쓰리는 알고있다
2020-07-09 16:35:00,신현준,신현준 매니저,신현준 전참시,이관용,김광섭,만시지탄,김정민,알서포트,강성욱,뮤 아크엔젤,최강욱,비밀,은수미,길티 플레저,김어준,천인우 이가흔,나야 리베라,수상한 그녀,배윤경,우리 사랑했을까
2020-07-09 16:36:00,신현준,신현준 매니저,신현준 전참시,이관용,김광섭,만시지탄,김정민,알서포트,강성욱,뮤 아크엔젤,최강욱,은수미,비밀,길티 플레저,김어준,나야 리베라,천인우 이가흔,수상한 그녀,배윤경,우리 사랑했을까
2020-07-09 16:37:00,신현준,신현준 매니저,신현준 전참시,이관용,김광섭,만시지탄,김정민,알서포트,강성욱,뮤 아크엔젤,최강욱,은수미,나야 리베라,길티 플레저,비밀,김어준,천인우 이가흔,수상한 그녀,배윤경,우리 사랑했을까
2020-07-09 16:38:00,신현준,신현준 매니저,신현준 전참시,이관용,김광섭,만시지탄,김정민,알서포트,강성욱,뮤 아크엔젤,나야 리베라,은수미,최강욱,길티 플레저,김어준,천인우 이가흔,비밀,수상한 그녀,배윤경,우리 사랑했을까
2020-07-09 16:39:00,신현준,신현준 매니저,신현준 전참시,이관용,김광섭,만시지탄,김정민,알서포트,강성욱,나야 리베라,은수미,최강욱,길티 플레저,김어준,천인우 이가흔,비밀,수상한 그녀,배윤경,우리 사랑했을까,미쓰리는 알고있다
2020-07-09 16:40:00,신현준,신현준 매니저,신현준 전참시,이관용,김광섭,만시지탄,김정민,알서포트,강성욱,나야 리베라,은수미,길티 플레저,최강욱,천인우 이가흔,김어준,비밀,배윤경,수상한 그녀,우리 사랑했을까,미쓰리는 알고있다
2020-07-09 16:41:00,신현준,신현준 매니저,신현준 전참시,이관용,김광섭,만시지탄,김정민,알서포트,강성욱,나야 리베라,은수미,길티 플레저,천인우 이가흔,김어준,최강욱,비밀,배윤경,수상한 그녀,우리 사랑했을까,미쓰리는 알고있다
2020-07-09 16:42:00,신현준,신현준 매니저,신현준 전참시,이관용,김광섭,만시지탄,김정민,알서포트,강성욱,나야 리베라,길티 플레저,은수미,천인우 이가흔,김어준,최강욱,비밀,배윤경,우리 사랑했을까,수상한 그녀,궁금한이야기y 동백아파트
2020-07-09 16:43:00,신현준,신현준 매니저,신현준 전참시,이관용,김광섭,만시지탄,김정민,알서포트,강성욱,나야 리베라,길티 플레저,천인우 이가흔,김어준,은수미,최강욱,비밀,우리 사랑했을까,배윤경,수상한 그녀,궁금한이야기y 동백아파트
2020-07-09 16:44:00,신현준,신현준 매니저,신현준 전참시,이관용,김광섭,만시지탄,김정민,알서포트,강성욱,나야 리베라,길티 플레저,천인우 이가흔,김어준,은수미,최강욱,비밀,우리 사랑했을까,배윤경,수상한 그녀,궁금한이야기y 동백아파트
2020-07-09 16:45:00,신현준,신현준 매니저,이관용,김광섭,만시지탄,김정민,알서포트,강성욱,나야 리베라,길티 플레저,천인우 이가흔,김어준,은수미,최강욱,우리 사랑했을까,수상한 그녀,배윤경,궁금한이야기y 동백아파트,비밀,탁재훈 아버지
2020-07-09 16:46:00,신현준,신현준 매니저,이관용,김광섭,만시지탄,붐붐파워,김정민,알서포트,강성욱,나야 리베라,길티 플레저,은수미,천인우 이가흔,김어준,최강욱,우리 사랑했을까,수상한 그녀,궁금한이야기y 동백아파트,탁재훈 아버지,배윤경
2020-07-09 16:47:00,신현준,신현준 매니저,신현준 전참시,이관용,김광섭,만시지탄,붐붐파워,알서포트,김정민,강성욱,나야 리베라,은수미,길티 플레저,천인우 이가흔,김어준,최강욱,라라,우리 사랑했을까,궁금한이야기y 동백아파트,수상한 그녀
2020-07-09 16:48:00,신현준,신현준 매니저,신현준 전참시,이관용,김광섭,만시지탄,붐붐파워,알서포트,김정민,나야 리베라,강성욱,은수미,길티 플레저,천인우 이가흔,김어준,최강욱,궁금한이야기y 동백아파트,우리 사랑했을까,라라,배윤경
2020-07-09 16:49:00,신현준,신현준 매니저,신현준 전참시,이관용,김광섭,만시지탄,붐붐파워,알서포트,김정민,나야 리베라,강성욱,은수미,길티 플레저,천인우 이가흔,김어준,궁금한이야기y 동백아파트,최강욱,우리 사랑했을까,라라,배윤경
2020-07-09 16:50:00,신현준,신현준 매니저,신현준 전참시,이관용,김광섭,만시지탄,붐붐파워,알서포트,김정민,나야 리베라,강성욱,은수미,길티 플레저,궁금한이야기y 동백아파트,천인우 이가흔,김어준,최강욱,고은아,우리 사랑했을까,라라
2020-07-09 16:51:00,신현준,신현준 매니저,신현준 전참시,이관용,김광섭,만시지탄,알서포트,김정민,나야 리베라,강성욱,은수미,궁금한이야기y 동백아파트,길티 플레저,천인우 이가흔,김어준,고은아,최강욱,우리 사랑했을까,라라,배윤경
2020-07-09 16:52:00,신현준,신현준 매니저,신현준 전참시,이관용,김광섭,만시지탄,알서포트,나야 리베라,김정민,강성욱,은수미,궁금한이야기y 동백아파트,길티 플레저,천인우 이가흔,고은아,김어준,최강욱,우리 사랑했을까,라라,배윤경
2020-07-09 16:53:00,신현준,신현준 매니저,이관용,김광섭,만시지탄,알서포트,나야 리베라,김정민,강성욱,궁금한이야기y 동백아파트,은수미,길티 플레저,천인우 이가흔,고은아,김어준,최강욱,우리 사랑했을까,라라,배윤경,본 아이덴티티
2020-07-09 16:54:00,신현준,신현준 매니저,이관용,김광섭,만시지탄,알서포트,나야 리베라,강성욱,김정민,궁금한이야기y 동백아파트,은수미,천인우 이가흔,길티 플레저,고은아,김어준,우리 사랑했을까,최강욱,뮤 아크엔젤,라라,본 아이덴티티
2020-07-09 16:55:00,신현준,신현준 매니저,이관용,김광섭,만시지탄,나야 리베라,알서포트,강성욱,궁금한이야기y 동백아파트,김정민,은수미,천인우 이가흔,길티 플레저,고은아,최강욱,우리 사랑했을까,김어준,라라,본 아이덴티티,배윤경
2020-07-09 16:56:00,신현준,신현준 매니저,이관용,김광섭,만시지탄,나야 리베라,알서포트,강성욱,궁금한이야기y 동백아파트,은수미,김정민,천인우 이가흔,고은아,길티 플레저,우리 사랑했을까,최강욱,김어준,뮤 아크엔젤,본 아이덴티티,라라
2020-07-09 16:57:00,신현준,신현준 매니저,이관용,만시지탄,김광섭,나야 리베라,알서포트,궁금한이야기y 동백아파트,강성욱,은수미,김정민,천인우 이가흔,고은아,길티 플레저,우리 사랑했을까,최강욱,김어준,본 아이덴티티,라라,배윤경
2020-07-09 16:58:00,신현준,신현준 매니저,이관용,만시지탄,김광섭,나야 리베라,알서포트,궁금한이야기y 동백아파트,강성욱,은수미,고은아,천인우 이가흔,김정민,길티 플레저,우리 사랑했을까,최강욱,김어준,본 아이덴티티,배윤경,탁재훈 아버지
2020-07-09 16:59:00,신현준,신현준 매니저,신현준 전참시,이관용,만시지탄,김광섭,나야 리베라,알서포트,궁금한이야기y 동백아파트,강성욱,은수미,고은아,천인우 이가흔,우리 사랑했을까,길티 플레저,김정민,최강욱,김어준,본 아이덴티티,배윤경
